i,j,k,xi1,xi2,xi3,u1,Sig,delta,u2,u3,P_interp,Phi,resid,abs_resid
1,1,1,-0.8333333333333334,-0.8333333333333334,-0.8333333333333334,-2.3978952727983707,-3.596842909197556,-3.596842909197556,-3.596842909197556,0.0,0.3277532690116214,0.020786518012769463,-0.3069667509988519,0.3069667509988519
1,1,2,-0.8333333333333334,-0.8333333333333334,-0.6666666666666667,-2.3978952727983707,-3.596842909197556,-2.414156868651151,-3.0054998889243536,-0.5913430202732024,0.14075986696308745,0.0032314323346226198,-0.13752843462846484,0.13752843462846484
1,1,3,-0.8333333333333334,-0.8333333333333334,-0.5,-2.3978952727983707,-3.596842909197556,-1.6479184330021646,-2.6223806710998603,-0.9744622380976957,0.06122231227618753,0.0002225526561193444,-0.060999759620068185,0.060999759620068185
1,1,4,-0.8333333333333334,-0.8333333333333334,-0.33333333333333337,-2.3978952727983707,-3.596842909197556,-1.039720770839918,-2.318281840018737,-1.278561069178819,0.035939625193013754,0.00010817220433968365,-0.03583145298867407,0.03583145298867407
1,1,5,-0.8333333333333334,-0.8333333333333334,-0.16666666666666674,-2.3978952727983707,-3.596842909197556,-0.5047083549318196,-2.050775632064688,-1.546067277132868,0.018932578130410313,1.7270470327127243e-05,-0.018915307660083185,0.018915307660083185
1,1,6,-0.8333333333333334,-0.8333333333333334,0.0,-2.3978952727983707,-3.596842909197556,0.0,-1.798421454598778,-1.798421454598778,0.015980033149668442,1.2532871166847392e-05,-0.015967500278501596,0.015967500278501596
1,1,7,-0.8333333333333334,-0.8333333333333334,0.16666666666666652,-2.3978952727983707,-3.596842909197556,0.504708354931819,-1.5460672771328685,-2.0507756320646875,0.01893257811140147,1.7502664756864453e-05,-0.018915075446644607,0.018915075446644607
1,1,8,-0.8333333333333334,-0.8333333333333334,0.33333333333333326,-2.3978952727983707,-3.596842909197556,1.0397207708399177,-1.2785610691788192,-2.318281840018737,0.03593962518890643,0.00011293568902389945,-0.035826689499882526,0.035826689499882526
1,1,9,-0.8333333333333334,-0.8333333333333334,0.5,-2.3978952727983707,-3.596842909197556,1.6479184330021646,-0.9744622380976957,-2.6223806710998603,0.06122231228165889,0.0003387103236535822,-0.06088360195800531,0.06088360195800531
1,1,10,-0.8333333333333334,-0.8333333333333334,0.6666666666666665,-2.3978952727983707,-3.596842909197556,2.41415686865115,-0.5913430202732031,-3.005499888924353,0.14075986693250242,0.003687860589023874,-0.13707200634347855,0.13707200634347855
1,1,11,-0.8333333333333334,-0.8333333333333334,0.8333333333333333,-2.3978952727983707,-3.596842909197556,3.596842909197555,-4.440892098500626e-16,-3.5968429091975556,0.3277532690121109,0.023693859985675574,-0.3040594090264353,0.3040594090264353
1,2,1,-0.8333333333333334,-0.6666666666666667,-0.8333333333333334,-2.3978952727983707,-2.414156868651151,-3.596842909197556,-3.0054998889243536,0.5913430202732024,0.33332910159251916,0.053452965899215873,-0.2798761356933033,0.2798761356933033
1,2,2,-0.8333333333333334,-0.6666666666666667,-0.6666666666666667,-2.3978952727983707,-2.414156868651151,-2.414156868651151,-2.414156868651151,0.0,0.32775326899336577,0.020786518018727065,-0.3069667509746387,0.3069667509746387
1,2,3,-0.8333333333333334,-0.6666666666666667,-0.5,-2.3978952727983707,-2.414156868651151,-1.6479184330021646,-2.031037650826658,-0.3831192178244933,0.19900213808094486,0.005691860922099128,-0.19331027715884572,0.19331027715884572
1,2,4,-0.8333333333333334,-0.6666666666666667,-0.33333333333333337,-2.3978952727983707,-2.414156868651151,-1.039720770839918,-1.7269388197455346,-0.6872180489056166,0.12085578724554018,0.0016640302044133195,-0.11919175704112686,0.11919175704112686
1,2,5,-0.8333333333333334,-0.6666666666666667,-0.16666666666666674,-2.3978952727983707,-2.414156868651151,-0.5047083549318196,-1.4594326117914855,-0.9547242568596658,0.065677801756056,0.0004600700203882226,-0.06521773173566778,0.06521773173566778
1,2,6,-0.8333333333333334,-0.6666666666666667,0.0,-2.3978952727983707,-2.414156868651151,0.0,-1.2070784343255756,-1.2070784343255756,0.05169530893273834,0.0004006766714389666,-0.05129463226129937,0.05129463226129937
1,2,7,-0.8333333333333334,-0.6666666666666667,0.16666666666666652,-2.3978952727983707,-2.414156868651151,0.504708354931819,-0.9547242568596661,-1.459432611791485,0.06567780176276532,0.0004744935768902326,-0.06520330818587508,0.06520330818587508
1,2,8,-0.8333333333333334,-0.6666666666666667,0.33333333333333326,-2.3978952727983707,-2.414156868651151,1.0397207708399177,-0.6872180489056168,-1.7269388197455344,0.12085578723346256,0.0031376388603100817,-0.11771814837315248,0.11771814837315248
1,2,9,-0.8333333333333334,-0.6666666666666667,0.5,-2.3978952727983707,-2.414156868651151,1.6479184330021646,-0.3831192178244933,-2.031037650826658,0.199002138082634,0.005207252313623879,-0.19379488576901013,0.19379488576901013
1,2,10,-0.8333333333333334,-0.6666666666666667,0.6666666666666665,-2.3978952727983707,-2.414156868651151,2.41415686865115,-6.661338147750939e-16,-2.4141568686511503,0.32775326901258595,0.02369385998600524,-0.3040594090265807,0.3040594090265807
1,2,11,-0.8333333333333334,-0.6666666666666667,0.8333333333333333,-2.3978952727983707,-2.414156868651151,3.596842909197555,0.591343020273202,-3.005499888924353,0.333329101571301,0.06361838041331908,-0.26971072115798195,0.26971072115798195
1,3,1,-0.8333333333333334,-0.5,-0.8333333333333334,-2.3978952727983707,-1.6479184330021646,-3.596842909197556,-2.6223806710998603,0.9744622380976957,0.3333330685325434,0.10427313103925062,-0.2290599374932928,0.2290599374932928
1,3,2,-0.8333333333333334,-0.5,-0.6666666666666667,-2.3978952727983707,-1.6479184330021646,-2.414156868651151,-2.031037650826658,0.3831192178244933,0.3320249615213072,0.043052309670181005,-0.2889726518511262,0.2889726518511262
1,3,3,-0.8333333333333334,-0.5,-0.5,-2.3978952727983707,-1.6479184330021646,-1.6479184330021646,-1.6479184330021646,0.0,0.32775326899561036,0.020805191345159908,-0.30694807765045046,0.30694807765045046
1,3,4,-0.8333333333333334,-0.5,-0.33333333333333337,-2.3978952727983707,-1.6479184330021646,-1.039720770839918,-1.3438196019210413,-0.30409883108112323,0.22555831379165056,0.006298704584912071,-0.21925960920673848,0.21925960920673848
1,3,5,-0.8333333333333334,-0.5,-0.16666666666666674,-2.3978952727983707,-1.6479184330021646,-0.5047083549318196,-1.0763133939669922,-0.5716050390351725,0.14544756167328865,0.00415698208903327,-0.1412905795842554,0.1412905795842554
1,3,6,-0.8333333333333334,-0.5,0.0,-2.3978952727983707,-1.6479184330021646,0.0,-0.8239592165010823,-0.8239592165010823,0.12067092255740364,0.0032561948856460986,-0.11741472767175753,0.11741472767175753
1,3,7,-0.8333333333333334,-0.5,0.16666666666666652,-2.3978952727983707,-1.6479184330021646,0.504708354931819,-0.5716050390351728,-1.0763133939669918,0.14544756166418538,0.004326496209266473,-0.1411210654549189,0.1411210654549189
1,3,8,-0.8333333333333334,-0.5,0.33333333333333326,-2.3978952727983707,-1.6479184330021646,1.0397207708399177,-0.30409883108112346,-1.343819601921041,0.22555831377617522,0.006172324097916676,-0.21938598967825854,0.21938598967825854
1,3,9,-0.8333333333333334,-0.5,0.5,-2.3978952727983707,-1.6479184330021646,1.6479184330021646,0.0,-1.6479184330021646,0.32775326900423246,0.023780752628910357,-0.3039725163753221,0.3039725163753221
1,3,10,-0.8333333333333334,-0.5,0.6666666666666665,-2.3978952727983707,-1.6479184330021646,2.41415686865115,0.38311921782449265,-2.031037650826657,0.33202496153761907,0.03802917852665777,-0.2939957830109613,0.2939957830109613
1,3,11,-0.8333333333333334,-0.5,0.8333333333333333,-2.3978952727983707,-1.6479184330021646,3.596842909197555,0.9744622380976953,-2.62238067109986,0.3333330685322483,0.08624841750593623,-0.24708465102631208,0.24708465102631208
1,4,1,-0.8333333333333334,-0.33333333333333337,-0.8333333333333334,-2.3978952727983707,-1.039720770839918,-3.596842909197556,-2.318281840018737,1.278561069178819,0.333333333167365,0.20045890216705464,-0.13287443100031038,0.13287443100031038
1,4,2,-0.8333333333333334,-0.33333333333333337,-0.6666666666666667,-2.3978952727983707,-1.039720770839918,-2.414156868651151,-1.7269388197455346,0.6872180489056166,0.33333009429681293,0.0665608204853558,-0.2667692738114571,0.2667692738114571
1,4,3,-0.8333333333333334,-0.33333333333333337,-0.5,-2.3978952727983707,-1.039720770839918,-1.6479184330021646,-1.3438196019210413,0.30409883108112323,0.33114392857942515,0.0235254179079565,-0.30761851067146867,0.30761851067146867
1,4,4,-0.8333333333333334,-0.33333333333333337,-0.33333333333333337,-2.3978952727983707,-1.039720770839918,-1.039720770839918,-1.039720770839918,0.0,0.3277533457544302,0.04361565930449608,-0.28413768644993415,0.28413768644993415
1,4,5,-0.8333333333333334,-0.33333333333333337,-0.16666666666666674,-2.3978952727983707,-1.039720770839918,-0.5047083549318196,-0.7722145628858689,-0.2675062079540492,0.24302890067252358,0.021162193257453714,-0.22186670741506986,0.22186670741506986
1,4,6,-0.8333333333333334,-0.33333333333333337,0.0,-2.3978952727983707,-1.039720770839918,0.0,-0.519860385419959,-0.519860385419959,0.1780827876299594,0.01531868761203493,-0.1627641000179245,0.1627641000179245
1,4,7,-0.8333333333333334,-0.33333333333333337,0.16666666666666652,-2.3978952727983707,-1.039720770839918,0.504708354931819,-0.26750620795404956,-0.7722145628858685,0.2430289006689372,0.021220305333419412,-0.22180859533551778,0.22180859533551778
1,4,8,-0.8333333333333334,-0.33333333333333337,0.33333333333333326,-2.3978952727983707,-1.039720770839918,1.0397207708399177,-2.220446049250313e-16,-1.0397207708399179,0.3277533457499443,0.041905550003844744,-0.28584779574609953,0.28584779574609953
1,4,9,-0.8333333333333334,-0.33333333333333337,0.5,-2.3978952727983707,-1.039720770839918,1.6479184330021646,0.30409883108112323,-1.3438196019210413,0.33114392860021086,0.028411254198294364,-0.3027326744019165,0.3027326744019165
1,4,10,-0.8333333333333334,-0.33333333333333337,0.6666666666666665,-2.3978952727983707,-1.039720770839918,2.41415686865115,0.6872180489056159,-1.726938819745534,0.333330094318074,0.07317260211874688,-0.2601574921993271,0.2601574921993271
1,4,11,-0.8333333333333334,-0.33333333333333337,0.8333333333333333,-2.3978952727983707,-1.039720770839918,3.596842909197555,1.2785610691788185,-2.3182818400187366,0.33333333316736624,0.1956460353929964,-0.13768729777436983,0.13768729777436983
1,5,1,-0.8333333333333334,-0.16666666666666674,-0.8333333333333334,-2.3978952727983707,-0.5047083549318196,-3.596842909197556,-2.050775632064688,1.546067277132868,0.3333333333332336,0.23521681244785625,-0.09811652088537737,0.09811652088537737
1,5,2,-0.8333333333333334,-0.16666666666666674,-0.6666666666666667,-2.3978952727983707,-0.5047083549318196,-2.414156868651151,-1.4594326117914855,0.9547242568596658,0.333332871109214,0.09557633310486605,-0.23775653800434796,0.23775653800434796
1,5,3,-0.8333333333333334,-0.16666666666666674,-0.5,-2.3978952727983707,-0.5047083549318196,-1.6479184330021646,-1.0763133939669922,0.5716050390351725,0.3333289697983038,0.04983224078393979,-0.283496729014364,0.283496729014364
1,5,4,-0.8333333333333334,-0.16666666666666674,-0.33333333333333337,-2.3978952727983707,-0.5047083549318196,-1.039720770839918,-0.7722145628858689,0.2675062079540492,0.3313435110743131,0.06159425313002026,-0.26974925794429283,0.26974925794429283
1,5,5,-0.8333333333333334,-0.16666666666666674,-0.16666666666666674,-2.3978952727983707,-0.5047083549318196,-0.5047083549318196,-0.5047083549318196,0.0,0.3290578681810906,0.13938022785112586,-0.18967764032996476,0.18967764032996476
1,5,6,-0.8333333333333334,-0.16666666666666674,0.0,-2.3978952727983707,-0.5047083549318196,0.0,-0.2523541774659098,-0.2523541774659098,0.32389525392477636,0.06447969761435529,-0.25941555631042107,0.25941555631042107
1,5,7,-0.8333333333333334,-0.16666666666666674,0.16666666666666652,-2.3978952727983707,-0.5047083549318196,0.504708354931819,-3.3306690738754696e-16,-0.5047083549318193,0.32905786817871174,0.1319442883308911,-0.19711357984782063,0.19711357984782063
1,5,8,-0.8333333333333334,-0.16666666666666674,0.33333333333333326,-2.3978952727983707,-0.5047083549318196,1.0397207708399177,0.267506207954049,-0.7722145628858686,0.3313435110765986,0.0714606050993887,-0.25988290597720987,0.25988290597720987
1,5,9,-0.8333333333333334,-0.16666666666666674,0.5,-2.3978952727983707,-0.5047083549318196,1.6479184330021646,0.5716050390351725,-1.0763133939669922,0.33332896980315224,0.06489971736552039,-0.2684292524376318,0.2684292524376318
1,5,10,-0.8333333333333334,-0.16666666666666674,0.6666666666666665,-2.3978952727983707,-0.5047083549318196,2.41415686865115,0.9547242568596651,-1.4594326117914846,0.33333287111262394,0.07417338060197767,-0.25915949051064624,0.25915949051064624
1,5,11,-0.8333333333333334,-0.16666666666666674,0.8333333333333333,-2.3978952727983707,-0.5047083549318196,3.596842909197555,1.5460672771328676,-2.0507756320646875,0.3333333333332336,0.2000734539600199,-0.1332598793732137,0.1332598793732137
1,6,1,-0.8333333333333334,0.0,-0.8333333333333334,-2.3978952727983707,0.0,-3.596842909197556,-1.798421454598778,1.798421454598778,0.3333333333349003,0.3027606693937358,-0.03057266394116448,0.03057266394116448
1,6,2,-0.8333333333333334,0.0,-0.6666666666666667,-2.3978952727983707,0.0,-2.414156868651151,-1.2070784343255756,1.2070784343255756,0.33333338329481144,0.16318543790952955,-0.17014794538528188,0.17014794538528188
1,6,3,-0.8333333333333334,0.0,-0.5,-2.3978952727983707,0.0,-1.6479184330021646,-0.8239592165010823,0.8239592165010823,0.33380619821110646,0.11853483288106242,-0.21527136533004404,0.21527136533004404
1,6,4,-0.8333333333333334,0.0,-0.33333333333333337,-2.3978952727983707,0.0,-1.039720770839918,-0.519860385419959,0.519860385419959,0.3346228983950499,0.11383795072873029,-0.2207849476663196,0.2207849476663196
1,6,5,-0.8333333333333334,0.0,-0.16666666666666674,-2.3978952727983707,0.0,-0.5047083549318196,-0.2523541774659098,0.2523541774659098,0.4060680787245335,0.15085061698991137,-0.2552174617346221,0.2552174617346221
1,6,6,-0.8333333333333334,0.0,0.0,-2.3978952727983707,0.0,0.0,0.0,0.0,0.46297279269477,0.23839183616117937,-0.22458095653359061,0.22458095653359061
1,6,7,-0.8333333333333334,0.0,0.16666666666666652,-2.3978952727983707,0.0,0.504708354931819,0.2523541774659095,-0.2523541774659095,0.40606807873179535,0.1498311565011461,-0.25623692223064926,0.25623692223064926
1,6,8,-0.8333333333333334,0.0,0.33333333333333326,-2.3978952727983707,0.0,1.0397207708399177,0.5198603854199588,-0.5198603854199588,0.3346228984121144,0.10688811467008077,-0.22773478374203363,0.22773478374203363
1,6,9,-0.8333333333333334,0.0,0.5,-2.3978952727983707,0.0,1.6479184330021646,0.8239592165010823,-0.8239592165010823,0.3338061982112883,0.1112209583278086,-0.22258523988347972,0.22258523988347972
1,6,10,-0.8333333333333334,0.0,0.6666666666666665,-2.3978952727983707,0.0,2.41415686865115,1.207078434325575,-1.207078434325575,0.3333333832947646,0.12503754592156208,-0.2082958373732025,0.2082958373732025
1,6,11,-0.8333333333333334,0.0,0.8333333333333333,-2.3978952727983707,0.0,3.596842909197555,1.7984214545987776,-1.7984214545987776,0.33333333333489273,0.31728858836740037,-0.016044744967492364,0.016044744967492364
1,7,1,-0.8333333333333334,0.16666666666666652,-0.8333333333333334,-2.3978952727983707,0.504708354931819,-3.596842909197556,-1.5460672771328685,2.0507756320646875,0.3333333333370166,0.3323642629278154,-0.0009690704092011893,0.0009690704092011893
1,7,2,-0.8333333333333334,0.16666666666666652,-0.6666666666666667,-2.3978952727983707,0.504708354931819,-2.414156868651151,-0.9547242568596661,1.459432611791485,0.3334554811889129,0.19473991466674845,-0.13871556652216444,0.13871556652216444
1,7,3,-0.8333333333333334,0.16666666666666652,-0.5,-2.3978952727983707,0.504708354931819,-1.6479184330021646,-0.5716050390351728,1.0763133939669918,0.3344883603979406,0.12428378297087891,-0.2102045774270617,0.2102045774270617
1,7,4,-0.8333333333333334,0.16666666666666652,-0.33333333333333337,-2.3978952727983707,0.504708354931819,-1.039720770839918,-0.26750620795404956,0.7722145628858685,0.4115453210531301,0.30498219354170975,-0.10656312751142033,0.10656312751142033
1,7,5,-0.8333333333333334,0.16666666666666652,-0.16666666666666674,-2.3978952727983707,0.504708354931819,-0.5047083549318196,-3.3306690738754696e-16,0.5047083549318193,0.4999723262710812,0.4620762524286154,-0.037896073842465794,0.037896073842465794
1,7,6,-0.8333333333333334,0.16666666666666652,0.0,-2.3978952727983707,0.504708354931819,0.0,0.2523541774659095,0.2523541774659095,0.5326888649608391,0.46248526662822065,-0.07020359833261847,0.07020359833261847
1,7,7,-0.8333333333333334,0.16666666666666652,0.16666666666666652,-2.3978952727983707,0.504708354931819,0.504708354931819,0.504708354931819,0.0,0.4999723262832609,0.43557334578618245,-0.06439898049707843,0.06439898049707843
1,7,8,-0.8333333333333334,0.16666666666666652,0.33333333333333326,-2.3978952727983707,0.504708354931819,1.0397207708399177,0.7722145628858683,-0.26750620795404934,0.41154532106182806,0.30845302491438154,-0.10309229614744653,0.10309229614744653
1,7,9,-0.8333333333333334,0.16666666666666652,0.5,-2.3978952727983707,0.504708354931819,1.6479184330021646,1.0763133939669918,-0.5716050390351728,0.334488360390506,0.1115131934134369,-0.2229751669770691,0.2229751669770691
1,7,10,-0.8333333333333334,0.16666666666666652,0.6666666666666665,-2.3978952727983707,0.504708354931819,2.41415686865115,1.4594326117914844,-0.9547242568596654,0.3334554811880525,0.23614102604248133,-0.09731445514557119,0.09731445514557119
1,7,11,-0.8333333333333334,0.16666666666666652,0.8333333333333333,-2.3978952727983707,0.504708354931819,3.596842909197555,2.050775632064687,-1.546067277132868,0.33333333333698834,0.3333317442650444,-1.589071943919329e-06,1.589071943919329e-06
1,8,1,-0.8333333333333334,0.33333333333333326,-0.8333333333333334,-2.3978952727983707,1.0397207708399177,-3.596842909197556,-1.2785610691788192,2.318281840018737,0.3333333712695109,0.30428415194089775,-0.02904921932861315,0.02904921932861315
1,8,2,-0.8333333333333334,0.33333333333333326,-0.6666666666666667,-2.3978952727983707,1.0397207708399177,-2.414156868651151,-0.6872180489056168,1.7269388197455344,0.33417667103589976,0.2734986441062418,-0.06067802692965796,0.06067802692965796
1,8,3,-0.8333333333333334,0.33333333333333326,-0.5,-2.3978952727983707,1.0397207708399177,-1.6479184330021646,-0.30409883108112346,1.343819601921041,0.3994536173413559,0.3472956510450752,-0.05215796629628072,0.05215796629628072
1,8,4,-0.8333333333333334,0.33333333333333326,-0.33333333333333337,-2.3978952727983707,1.0397207708399177,-1.039720770839918,-2.220446049250313e-16,1.0397207708399179,0.4999999982045374,0.49019765117859004,-0.009802347025947344,0.009802347025947344
1,8,5,-0.8333333333333334,0.33333333333333326,-0.16666666666666674,-2.3978952727983707,1.0397207708399177,-0.5047083549318196,0.267506207954049,0.7722145628858686,0.5881300359384479,0.6498033786010908,0.061673342662642905,0.061673342662642905
1,8,6,-0.8333333333333334,0.33333333333333326,0.0,-2.3978952727983707,1.0397207708399177,0.0,0.5198603854199588,0.5198603854199588,0.664142119955163,0.6666656819241321,0.002523561968969079,0.002523561968969079
1,8,7,-0.8333333333333334,0.33333333333333326,0.16666666666666652,-2.3978952727983707,1.0397207708399177,0.504708354931819,0.7722145628858683,0.26750620795404934,0.5881300359383385,0.6376523119575754,0.04952227601923698,0.04952227601923698
1,8,8,-0.8333333333333334,0.33333333333333326,0.33333333333333326,-2.3978952727983707,1.0397207708399177,1.0397207708399177,1.0397207708399177,0.0,0.49999999821737123,0.44880790211414534,-0.05119209610322589,0.05119209610322589
1,8,9,-0.8333333333333334,0.33333333333333326,0.5,-2.3978952727983707,1.0397207708399177,1.6479184330021646,1.343819601921041,-0.30409883108112346,0.3994536173321672,0.3424006824970317,-0.057052934835135516,0.057052934835135516
1,8,10,-0.8333333333333334,0.33333333333333326,0.6666666666666665,-2.3978952727983707,1.0397207708399177,2.41415686865115,1.7269388197455338,-0.6872180489056161,0.3341766710354577,0.29179628036039607,-0.04238039067506161,0.04238039067506161
1,8,11,-0.8333333333333334,0.33333333333333326,0.8333333333333333,-2.3978952727983707,1.0397207708399177,3.596842909197555,2.318281840018736,-1.2785610691788187,0.33333337126952645,0.333319776421265,-1.359484826146673e-05,1.359484826146673e-05
1,9,1,-0.8333333333333334,0.5,-0.8333333333333334,-2.3978952727983707,1.6479184330021646,-3.596842909197556,-0.9744622380976957,2.6223806710998603,0.33340226813131923,0.3333333228917196,-6.894523959966037e-05,6.894523959966037e-05
1,9,2,-0.8333333333333334,0.5,-0.6666666666666667,-2.3978952727983707,1.6479184330021646,-2.414156868651151,-0.3831192178244933,2.031037650826658,0.37332653918023856,0.3336121431140536,-0.03971439606618493,0.03971439606618493
1,9,3,-0.8333333333333334,0.5,-0.5,-2.3978952727983707,1.6479184330021646,-1.6479184330021646,0.0,1.6479184330021646,0.49999999999726774,0.4902002638858044,-0.009799736111463342,0.009799736111463342
1,9,4,-0.8333333333333334,0.5,-0.33333333333333337,-2.3978952727983707,1.6479184330021646,-1.039720770839918,0.30409883108112323,1.3438196019210413,0.6005463667048111,0.6634106741351706,0.06286430743035953,0.06286430743035953
1,9,5,-0.8333333333333334,0.5,-0.16666666666666674,-2.3978952727983707,1.6479184330021646,-0.5047083549318196,0.5716050390351725,1.0763133939669922,0.6655115699750996,0.6666633991413564,0.0011518291662567792,0.0011518291662567792
1,9,6,-0.8333333333333334,0.5,0.0,-2.3978952727983707,1.6479184330021646,0.0,0.8239592165010823,0.8239592165010823,0.6657259668977111,0.6666666490846129,0.0009406821869017978,0.0009406821869017978
1,9,7,-0.8333333333333334,0.5,0.16666666666666652,-2.3978952727983707,1.6479184330021646,0.504708354931819,1.0763133939669918,0.5716050390351728,0.6655115699570181,0.6666656966543143,0.0011541266972961983,0.0011541266972961983
1,9,8,-0.8333333333333334,0.5,0.33333333333333326,-2.3978952727983707,1.6479184330021646,1.0397207708399177,1.343819601921041,0.30409883108112346,0.6005463666921137,0.6512276016129936,0.05068123492087995,0.05068123492087995
1,9,9,-0.8333333333333334,0.5,0.5,-2.3978952727983707,1.6479184330021646,1.6479184330021646,1.6479184330021646,0.0,0.49999999998042577,0.44880860702131664,-0.05119139295910913,0.05119139295910913
1,9,10,-0.8333333333333334,0.5,0.6666666666666665,-2.3978952727983707,1.6479184330021646,2.41415686865115,2.031037650826657,-0.38311921782449265,0.37332653918593944,0.3333572073151826,-0.03996933187075685,0.03996933187075685
1,9,11,-0.8333333333333334,0.5,0.8333333333333333,-2.3978952727983707,1.6479184330021646,3.596842909197555,2.62238067109986,-0.9744622380976953,0.3334022681311207,0.3333333335876203,-6.893454350043182e-05,6.893454350043182e-05
1,10,1,-0.8333333333333334,0.6666666666666665,-0.8333333333333334,-2.3978952727983707,2.41415686865115,-3.596842909197556,-0.5913430202732031,3.005499888924353,0.334435147632066,0.33333361024737773,-0.001101537384688267,0.001101537384688267
1,10,2,-0.8333333333333334,0.6666666666666665,-0.6666666666666667,-2.3978952727983707,2.41415686865115,-2.414156868651151,-6.661338147750939e-16,2.4141568686511503,0.49999999996239175,0.4902002633911138,-0.009799736571277973,0.009799736571277973
1,10,3,-0.8333333333333334,0.6666666666666665,-0.5,-2.3978952727983707,2.41415686865115,-1.6479184330021646,0.38311921782449265,2.031037650826657,0.6266734608107674,0.6663620605090759,0.03968859969830851,0.03968859969830851
1,10,4,-0.8333333333333334,0.6666666666666665,-0.33333333333333337,-2.3978952727983707,2.41415686865115,-1.039720770839918,0.6872180489056159,1.726938819745534,0.6658233289658531,0.666666585336585,0.0008432563707319041,0.0008432563707319041
1,10,5,-0.8333333333333334,0.6666666666666665,-0.16666666666666674,-2.3978952727983707,2.41415686865115,-0.5047083549318196,0.9547242568596651,1.4594326117914846,0.6665445118629812,0.6666666596877118,0.000122147824730523,0.000122147824730523
1,10,6,-0.8333333333333334,0.6666666666666665,0.0,-2.3978952727983707,2.41415686865115,0.0,1.207078434325575,1.207078434325575,0.6666665663052851,0.6666666666074825,1.0030219743661917e-07,1.0030219743661917e-07
1,10,7,-0.8333333333333334,0.6666666666666665,0.16666666666666652,-2.3978952727983707,2.41415686865115,0.504708354931819,1.4594326117914844,0.9547242568596654,0.6665445118639372,0.6666666599038977,0.000122148039960579,0.000122148039960579
1,10,8,-0.8333333333333334,0.6666666666666665,0.33333333333333326,-2.3978952727983707,2.41415686865115,1.0397207708399177,1.7269388197455338,0.6872180489056161,0.6658233289665497,0.6666665335422677,0.0008432045757179596,0.0008432045757179596
1,10,9,-0.8333333333333334,0.6666666666666665,0.5,-2.3978952727983707,2.41415686865115,1.6479184330021646,2.031037650826657,0.38311921782449265,0.6266734608063737,0.6665114884613115,0.039838027654937824,0.039838027654937824
1,10,10,-0.8333333333333334,0.6666666666666665,0.6666666666666665,-2.3978952727983707,2.41415686865115,2.41415686865115,2.41415686865115,0.0,0.49999999999500633,0.448808607281984,-0.05119139271302231,0.05119139271302231
1,10,11,-0.8333333333333334,0.6666666666666665,0.8333333333333333,-2.3978952727983707,2.41415686865115,3.596842909197555,3.0054998889243523,-0.5913430202732026,0.33443514762841475,0.33333366597207137,-0.0011014816563433838,0.0011014816563433838
1,11,1,-0.8333333333333334,0.8333333333333333,-0.8333333333333334,-2.3978952727983707,3.596842909197555,-3.596842909197556,-4.440892098500626e-16,3.5968429091975556,0.49999999999167066,0.4902002638204789,-0.009799736171191786,0.009799736171191786
1,11,2,-0.8333333333333334,0.8333333333333333,-0.6666666666666667,-2.3978952727983707,3.596842909197555,-2.414156868651151,0.591343020273202,3.005499888924353,0.6655648523768155,0.6666540118087847,0.0010891594319691889,0.0010891594319691889
1,11,3,-0.8333333333333334,0.8333333333333333,-0.5,-2.3978952727983707,3.596842909197555,-1.6479184330021646,0.9744622380976953,2.62238067109986,0.6665977318371046,0.6666666664260266,6.893458892198723e-05,6.893458892198723e-05
1,11,4,-0.8333333333333334,0.8333333333333333,-0.33333333333333337,-2.3978952727983707,3.596842909197555,-1.039720770839918,1.2785610691788185,2.3182818400187366,0.6666666287157443,0.6666666670227266,3.830698225293361e-08,3.830698225293361e-08
1,11,5,-0.8333333333333334,0.8333333333333333,-0.16666666666666674,-2.3978952727983707,3.596842909197555,-0.5047083549318196,1.5460672771328676,2.0507756320646875,0.6666666666629119,0.6666666670243167,3.6140479497959177e-10,3.6140479497959177e-10
1,11,6,-0.8333333333333334,0.8333333333333333,0.0,-2.3978952727983707,3.596842909197555,0.0,1.7984214545987776,1.7984214545987776,0.6666666666634524,0.666666667024322,3.6086955645942e-10,3.6086955645942e-10
1,11,7,-0.8333333333333334,0.8333333333333333,0.16666666666666652,-2.3978952727983707,3.596842909197555,0.504708354931819,2.050775632064687,1.546067277132868,0.6666666666629683,0.6666666670243107,3.6134240044560784e-10,3.6134240044560784e-10
1,11,8,-0.8333333333333334,0.8333333333333333,0.33333333333333326,-2.3978952727983707,3.596842909197555,1.0397207708399177,2.318281840018736,1.2785610691788187,0.6666666287306172,0.6666666670231556,3.829253836240554e-08,3.829253836240554e-08
1,11,9,-0.8333333333333334,0.8333333333333333,0.5,-2.3978952727983707,3.596842909197555,1.6479184330021646,2.62238067109986,0.9744622380976953,0.6665977318696106,0.6666666664613821,6.893459177148564e-05,6.893459177148564e-05
1,11,10,-0.8333333333333334,0.8333333333333333,0.6666666666666665,-2.3978952727983707,3.596842909197555,2.41415686865115,3.0054998889243523,0.5913430202732026,0.6655648523728261,0.6666479213710421,0.0010830689982159747,0.0010830689982159747
1,11,11,-0.8333333333333334,0.8333333333333333,0.8333333333333333,-2.3978952727983707,3.596842909197555,3.596842909197555,3.596842909197555,0.0,0.5000000000072995,0.44880860749902807,-0.05119139250827143,0.05119139250827143
2,1,1,-0.6666666666666667,-0.8333333333333334,-0.8333333333333334,-1.6094379124341007,-3.596842909197556,-3.596842909197556,-3.596842909197556,0.0,0.3277532690024688,0.02104341269182792,-0.3067098563106409,0.3067098563106409
2,1,2,-0.6666666666666667,-0.8333333333333334,-0.6666666666666667,-1.6094379124341007,-3.596842909197556,-2.414156868651151,-3.0054998889243536,-0.5913430202732024,0.14075992140937815,0.003231535149724578,-0.13752838625965358,0.13752838625965358
2,1,3,-0.6666666666666667,-0.8333333333333334,-0.5,-1.6094379124341007,-3.596842909197556,-1.6479184330021646,-2.6223806710998603,-0.9744622380976957,0.06122259480018275,0.00028739095842720186,-0.06093520384175555,0.06093520384175555
2,1,4,-0.6666666666666667,-0.8333333333333334,-0.33333333333333337,-1.6094379124341007,-3.596842909197556,-1.039720770839918,-2.318281840018737,-1.278561069178819,0.03660880748517791,0.00011772757297855968,-0.03649107991219935,0.03649107991219935
2,1,5,-0.6666666666666667,-0.8333333333333334,-0.16666666666666674,-1.6094379124341007,-3.596842909197556,-0.5047083549318196,-2.050775632064688,-1.546067277132868,0.020906060383120803,3.077862660220133e-05,-0.0208752817565186,0.0208752817565186
2,1,6,-0.6666666666666667,-0.8333333333333334,0.0,-1.6094379124341007,-3.596842909197556,0.0,-1.798421454598778,-1.798421454598778,0.020076747418165803,2.7437612126088317e-05,-0.020049309806039715,0.020049309806039715
2,1,7,-0.6666666666666667,-0.8333333333333334,0.16666666666666652,-1.6094379124341007,-3.596842909197556,0.504708354931819,-1.5460672771328685,-2.0507756320646875,0.02090606035731581,3.079188421615953e-05,-0.02087526847309965,0.02087526847309965
2,1,8,-0.6666666666666667,-0.8333333333333334,0.33333333333333326,-1.6094379124341007,-3.596842909197556,1.0397207708399177,-1.2785610691788192,-2.318281840018737,0.036608807458601185,0.00011969063457905073,-0.03648911682402214,0.03648911682402214
2,1,9,-0.6666666666666667,-0.8333333333333334,0.5,-1.6094379124341007,-3.596842909197556,1.6479184330021646,-0.9744622380976957,-2.6223806710998603,0.06122259477456263,0.00034432070538236706,-0.06087827406918026,0.06087827406918026
2,1,10,-0.6666666666666667,-0.8333333333333334,0.6666666666666665,-1.6094379124341007,-3.596842909197556,2.41415686865115,-0.5913430202732031,-3.005499888924353,0.14075992141702554,0.0036878806377135514,-0.13707204077931198,0.13707204077931198
2,1,11,-0.6666666666666667,-0.8333333333333334,0.8333333333333333,-1.6094379124341007,-3.596842909197556,3.596842909197555,-4.440892098500626e-16,-3.5968429091975556,0.3277532689937029,0.023775288180156604,-0.30397798081354627,0.30397798081354627
2,2,1,-0.6666666666666667,-0.6666666666666667,-0.8333333333333334,-1.6094379124341007,-2.414156868651151,-3.596842909197556,-3.0054998889243536,0.5913430202732024,0.3333291015929415,0.053453075446970866,-0.2798760261459706,0.2798760261459706
2,2,2,-0.6666666666666667,-0.6666666666666667,-0.6666666666666667,-1.6094379124341007,-2.414156868651151,-2.414156868651151,-2.414156868651151,0.0,0.3277532689951638,0.02104341267783668,-0.30670985631732717,0.30670985631732717
2,2,3,-0.6666666666666667,-0.6666666666666667,-0.5,-1.6094379124341007,-2.414156868651151,-1.6479184330021646,-2.031037650826658,-0.3831192178244933,0.1990021381751001,0.00569207548882803,-0.19331006268627207,0.19331006268627207
2,2,4,-0.6666666666666667,-0.6666666666666667,-0.33333333333333337,-1.6094379124341007,-2.414156868651151,-1.039720770839918,-1.7269388197455346,-0.6872180489056166,0.12085589876549399,0.0016643803161618584,-0.11919151844933214,0.11919151844933214
2,2,5,-0.6666666666666667,-0.6666666666666667,-0.16666666666666674,-1.6094379124341007,-2.414156868651151,-0.5047083549318196,-1.4594326117914855,-0.9547242568596658,0.06567806070359201,0.0004612885838381096,-0.06521677211975391,0.06521677211975391
2,2,6,-0.6666666666666667,-0.6666666666666667,0.0,-1.6094379124341007,-2.414156868651151,0.0,-1.2070784343255756,-1.2070784343255756,0.05182128056074261,0.0004024501051200423,-0.051418830455622566,0.051418830455622566
2,2,7,-0.6666666666666667,-0.6666666666666667,0.16666666666666652,-1.6094379124341007,-2.414156868651151,0.504708354931819,-0.9547242568596661,-1.459432611791485,0.06567806071323182,0.0004754213791693798,-0.06520263933406244,0.06520263933406244
2,2,8,-0.6666666666666667,-0.6666666666666667,0.33333333333333326,-1.6094379124341007,-2.414156868651151,1.0397207708399177,-0.6872180489056168,-1.7269388197455344,0.12085589877551696,0.0031376442249025525,-0.11771825455061441,0.11771825455061441
2,2,9,-0.6666666666666667,-0.6666666666666667,0.5,-1.6094379124341007,-2.414156868651151,1.6479184330021646,-0.3831192178244933,-2.031037650826658,0.1990021381640274,0.005207731731119304,-0.1937944064329081,0.1937944064329081
2,2,10,-0.6666666666666667,-0.6666666666666667,0.6666666666666665,-1.6094379124341007,-2.414156868651151,2.41415686865115,-6.661338147750939e-16,-2.4141568686511503,0.327753269002542,0.023775288191884104,-0.30397798081065786,0.30397798081065786
2,2,11,-0.6666666666666667,-0.6666666666666667,0.8333333333333333,-1.6094379124341007,-2.414156868651151,3.596842909197555,0.591343020273202,-3.005499888924353,0.3333291015746367,0.06361840164594507,-0.2697106999286916,0.2697106999286916
2,3,1,-0.6666666666666667,-0.5,-0.8333333333333334,-1.6094379124341007,-1.6479184330021646,-3.596842909197556,-2.6223806710998603,0.9744622380976957,0.3333330685341602,0.10427313122555407,-0.22905993730860616,0.22905993730860616
2,3,2,-0.6666666666666667,-0.5,-0.6666666666666667,-1.6094379124341007,-1.6479184330021646,-2.414156868651151,-2.031037650826658,0.3831192178244933,0.33202496152222705,0.04305274394256012,-0.28897221757966696,0.28897221757966696
2,3,3,-0.6666666666666667,-0.5,-0.5,-1.6094379124341007,-1.6479184330021646,-1.6479184330021646,-1.6479184330021646,0.0,0.3277532689911799,0.02105991495782652,-0.3066933540333534,0.3066933540333534
2,3,4,-0.6666666666666667,-0.5,-0.33333333333333337,-1.6094379124341007,-1.6479184330021646,-1.039720770839918,-1.3438196019210413,-0.30409883108112323,0.22555831383077343,0.006303500980216007,-0.21925481285055742,0.21925481285055742
2,3,5,-0.6666666666666667,-0.5,-0.16666666666666674,-1.6094379124341007,-1.6479184330021646,-0.5047083549318196,-1.0763133939669922,-0.5716050390351725,0.14544758499846733,0.004156998584143097,-0.14129058641432424,0.14129058641432424
2,3,6,-0.6666666666666667,-0.5,0.0,-1.6094379124341007,-1.6479184330021646,0.0,-0.8239592165010823,-0.8239592165010823,0.12067098050184885,0.0032561988485394844,-0.11741478165330936,0.11741478165330936
2,3,7,-0.6666666666666667,-0.5,0.16666666666666652,-1.6094379124341007,-1.6479184330021646,0.504708354931819,-0.5716050390351728,-1.0763133939669918,0.14544758498436483,0.004326504108101129,-0.1411210808762637,0.1411210808762637
2,3,8,-0.6666666666666667,-0.5,0.33333333333333326,-1.6094379124341007,-1.6479184330021646,1.0397207708399177,-0.30409883108112346,-1.343819601921041,0.2255583138453581,0.006178097790592271,-0.21938021605476582,0.21938021605476582
2,3,9,-0.6666666666666667,-0.5,0.5,-1.6094379124341007,-1.6479184330021646,1.6479184330021646,0.0,-1.6479184330021646,0.32775326900767865,0.023859206131352548,-0.3038940628763261,0.3038940628763261
2,3,10,-0.6666666666666667,-0.5,0.6666666666666665,-1.6094379124341007,-1.6479184330021646,2.41415686865115,0.38311921782449265,-2.031037650826657,0.3320249615410747,0.03803055398795131,-0.2939944075531234,0.2939944075531234
2,3,11,-0.6666666666666667,-0.5,0.8333333333333333,-1.6094379124341007,-1.6479184330021646,3.596842909197555,0.9744622380976953,-2.62238067109986,0.33333306853545236,0.08624841866143335,-0.247084649874019,0.247084649874019
2,4,1,-0.6666666666666667,-0.33333333333333337,-0.8333333333333334,-1.6094379124341007,-1.039720770839918,-3.596842909197556,-2.318281840018737,1.278561069178819,0.33333333317048625,0.2004589021767012,-0.13287443099378504,0.13287443099378504
2,4,2,-0.6666666666666667,-0.33333333333333337,-0.6666666666666667,-1.6094379124341007,-1.039720770839918,-2.414156868651151,-1.7269388197455346,0.6872180489056166,0.33333009430015864,0.06656083432350507,-0.26676925997665357,0.26676925997665357
2,4,3,-0.6666666666666667,-0.33333333333333337,-0.5,-1.6094379124341007,-1.039720770839918,-1.6479184330021646,-1.3438196019210413,0.30409883108112323,0.33114392857989783,0.028041247387862442,-0.3031026811920354,0.3031026811920354
2,4,4,-0.6666666666666667,-0.33333333333333337,-0.33333333333333337,-1.6094379124341007,-1.039720770839918,-1.039720770839918,-1.039720770839918,0.0,0.3277533457544513,0.043615955775595516,-0.2841373899788558,0.2841373899788558
2,4,5,-0.6666666666666667,-0.33333333333333337,-0.16666666666666674,-1.6094379124341007,-1.039720770839918,-0.5047083549318196,-0.7722145628858689,-0.2675062079540492,0.24302890072280509,0.021162193586327455,-0.22186670713647763,0.22186670713647763
2,4,6,-0.6666666666666667,-0.33333333333333337,0.0,-1.6094379124341007,-1.039720770839918,0.0,-0.519860385419959,-0.519860385419959,0.17808278793055995,0.015318687883142505,-0.16276410004741745,0.16276410004741745
2,4,7,-0.6666666666666667,-0.33333333333333337,0.16666666666666652,-1.6094379124341007,-1.039720770839918,0.504708354931819,-0.26750620795404956,-0.7722145628858685,0.24302890070712838,0.021220305652405284,-0.22180859505472308,0.22180859505472308
2,4,8,-0.6666666666666667,-0.33333333333333337,0.33333333333333326,-1.6094379124341007,-1.039720770839918,1.0397207708399177,-2.220446049250313e-16,-1.0397207708399179,0.3277533457396528,0.04190597996559477,-0.28584736577405806,0.28584736577405806
2,4,9,-0.6666666666666667,-0.33333333333333337,0.5,-1.6094379124341007,-1.039720770839918,1.6479184330021646,0.30409883108112323,-1.3438196019210413,0.331143928595402,0.03004868534394322,-0.30109524325145876,0.30109524325145876
2,4,10,-0.6666666666666667,-0.33333333333333337,0.6666666666666665,-1.6094379124341007,-1.039720770839918,2.41415686865115,0.6872180489056159,-1.726938819745534,0.3333300943218383,0.07317260774265769,-0.2601574865791806,0.2601574865791806
2,4,11,-0.6666666666666667,-0.33333333333333337,0.8333333333333333,-1.6094379124341007,-1.039720770839918,3.596842909197555,1.2785610691788185,-2.3182818400187366,0.33333333317047165,0.19564603539990721,-0.13768729777056443,0.13768729777056443
2,5,1,-0.6666666666666667,-0.16666666666666674,-0.8333333333333334,-1.6094379124341007,-0.5047083549318196,-3.596842909197556,-2.050775632064688,1.546067277132868,0.3333333333364562,0.23521681236183845,-0.09811652097461776,0.09811652097461776
2,5,2,-0.6666666666666667,-0.16666666666666674,-0.6666666666666667,-1.6094379124341007,-0.5047083549318196,-2.414156868651151,-1.4594326117914855,0.9547242568596658,0.3333328711122497,0.09557633350455313,-0.23775653760769655,0.23775653760769655
2,5,3,-0.6666666666666667,-0.16666666666666674,-0.5,-1.6094379124341007,-0.5047083549318196,-1.6479184330021646,-1.0763133939669922,0.5716050390351725,0.3333289698015661,0.0498324406659366,-0.2834965291356295,0.2834965291356295
2,5,4,-0.6666666666666667,-0.16666666666666674,-0.33333333333333337,-1.6094379124341007,-0.5047083549318196,-1.039720770839918,-0.7722145628858689,0.2675062079540492,0.3313435110814194,0.061595739429822494,-0.2697477716515969,0.2697477716515969
2,5,5,-0.6666666666666667,-0.16666666666666674,-0.16666666666666674,-1.6094379124341007,-0.5047083549318196,-0.5047083549318196,-0.5047083549318196,0.0,0.3290578681767105,0.1393802279103094,-0.1896776402664011,0.1896776402664011
2,5,6,-0.6666666666666667,-0.16666666666666674,0.0,-1.6094379124341007,-0.5047083549318196,0.0,-0.2523541774659098,-0.2523541774659098,0.3238952539381404,0.06447969762216696,-0.25941555631597346,0.25941555631597346
2,5,7,-0.6666666666666667,-0.16666666666666674,0.16666666666666652,-1.6094379124341007,-0.5047083549318196,0.504708354931819,-3.3306690738754696e-16,-0.5047083549318193,0.3290578681603253,0.13194428852566636,-0.19711357963465892,0.19711357963465892
2,5,8,-0.6666666666666667,-0.16666666666666674,0.33333333333333326,-1.6094379124341007,-0.5047083549318196,1.0397207708399177,0.267506207954049,-0.7722145628858686,0.33134351105921966,0.07146096848087374,-0.2598825425783459,0.2598825425783459
2,5,9,-0.6666666666666667,-0.16666666666666674,0.5,-1.6094379124341007,-0.5047083549318196,1.6479184330021646,0.5716050390351725,-1.0763133939669922,0.33332896978009174,0.06489973452042291,-0.26842923525966883,0.26842923525966883
2,5,10,-0.6666666666666667,-0.16666666666666674,0.6666666666666665,-1.6094379124341007,-0.5047083549318196,2.41415686865115,0.9547242568596651,-1.4594326117914846,0.3333328711154917,0.07417338551555741,-0.2591594855999343,0.2591594855999343
2,5,11,-0.6666666666666667,-0.16666666666666674,0.8333333333333333,-1.6094379124341007,-0.5047083549318196,3.596842909197555,1.5460672771328676,-2.0507756320646875,0.3333333333364493,0.20007345392461645,-0.13325987941183287,0.13325987941183287
2,6,1,-0.6666666666666667,0.0,-0.8333333333333334,-1.6094379124341007,0.0,-3.596842909197556,-1.798421454598778,1.798421454598778,0.3333333333380649,0.302760669353597,-0.030572663984467896,0.030572663984467896
2,6,2,-0.6666666666666667,0.0,-0.6666666666666667,-1.6094379124341007,0.0,-2.414156868651151,-1.2070784343255756,1.2070784343255756,0.33333338329793283,0.1631854378904633,-0.17014794540746953,0.17014794540746953
2,6,3,-0.6666666666666667,0.0,-0.5,-1.6094379124341007,0.0,-1.6479184330021646,-0.8239592165010823,0.8239592165010823,0.3338061982149945,0.11853483293301098,-0.21527136528198354,0.21527136528198354
2,6,4,-0.6666666666666667,0.0,-0.33333333333333337,-1.6094379124341007,0.0,-1.039720770839918,-0.519860385419959,0.519860385419959,0.3346228984211839,0.11383795081724538,-0.22078494760393855,0.22078494760393855
2,6,5,-0.6666666666666667,0.0,-0.16666666666666674,-1.6094379124341007,0.0,-0.5047083549318196,-0.2523541774659098,0.2523541774659098,0.4060680787242807,0.15085096172477297,-0.2552171169995077,0.2552171169995077
2,6,6,-0.6666666666666667,0.0,0.0,-1.6094379124341007,0.0,0.0,0.0,0.0,0.4629727926873391,0.23839192616744959,-0.2245808665198895,0.2245808665198895
2,6,7,-0.6666666666666667,0.0,0.16666666666666652,-1.6094379124341007,0.0,0.504708354931819,0.2523541774659095,-0.2523541774659095,0.4060680787167579,0.1498315356490877,-0.2562365430676702,0.2562365430676702
2,6,8,-0.6666666666666667,0.0,0.33333333333333326,-1.6094379124341007,0.0,1.0397207708399177,0.5198603854199588,-0.5198603854199588,0.33462289840731746,0.1068881149206154,-0.22773478348670206,0.22773478348670206
2,6,9,-0.6666666666666667,0.0,0.5,-1.6094379124341007,0.0,1.6479184330021646,0.8239592165010823,-0.8239592165010823,0.33380619820398616,0.1112209583947737,-0.22258523980921247,0.22258523980921247
2,6,10,-0.6666666666666667,0.0,0.6666666666666665,-1.6094379124341007,0.0,2.41415686865115,1.207078434325575,-1.207078434325575,0.3333333832979596,0.1250375459007776,-0.208295837397182,0.208295837397182
2,6,11,-0.6666666666666667,0.0,0.8333333333333333,-1.6094379124341007,0.0,3.596842909197555,1.7984214545987776,-1.7984214545987776,0.3333333333380708,0.31728858833812756,-0.01604474499994324,0.01604474499994324
2,7,1,-0.6666666666666667,0.16666666666666652,-0.8333333333333334,-1.6094379124341007,0.504708354931819,-3.596842909197556,-1.5460672771328685,2.0507756320646875,0.33333333333998044,0.3323642629143496,-0.0009690704256308247,0.0009690704256308247
2,7,2,-0.6666666666666667,0.16666666666666652,-0.6666666666666667,-1.6094379124341007,0.504708354931819,-2.414156868651151,-0.9547242568596661,1.459432611791485,0.33345548119122215,0.19473991483571795,-0.1387155663555042,0.1387155663555042
2,7,3,-0.6666666666666667,0.16666666666666652,-0.5,-1.6094379124341007,0.504708354931819,-1.6479184330021646,-0.5716050390351728,1.0763133939669918,0.3344883603920572,0.1242837831512062,-0.210204577240851,0.210204577240851
2,7,4,-0.6666666666666667,0.16666666666666652,-0.33333333333333337,-1.6094379124341007,0.504708354931819,-1.039720770839918,-0.26750620795404956,0.7722145628858685,0.411545321057432,0.3049821937771716,-0.1065631272802604,0.1065631272802604
2,7,5,-0.6666666666666667,0.16666666666666652,-0.16666666666666674,-1.6094379124341007,0.504708354931819,-0.5047083549318196,-3.3306690738754696e-16,0.5047083549318193,0.4999723262530433,0.4620762532836501,-0.03789607296939318,0.03789607296939318
2,7,6,-0.6666666666666667,0.16666666666666652,0.0,-1.6094379124341007,0.504708354931819,0.0,0.2523541774659095,0.2523541774659095,0.53268886494135,0.4624852981980324,-0.07020356674331762,0.07020356674331762
2,7,7,-0.6666666666666667,0.16666666666666652,0.16666666666666652,-1.6094379124341007,0.504708354931819,0.504708354931819,0.504708354931819,0.0,0.49997232625280935,0.4355733482991808,-0.06439897795362853,0.06439897795362853
2,7,8,-0.6666666666666667,0.16666666666666652,0.33333333333333326,-1.6094379124341007,0.504708354931819,1.0397207708399177,0.7722145628858683,-0.26750620795404934,0.4115453210504786,0.30845302507837624,-0.10309229597210234,0.10309229597210234
2,7,9,-0.6666666666666667,0.16666666666666652,0.5,-1.6094379124341007,0.504708354931819,1.6479184330021646,1.0763133939669918,-0.5716050390351728,0.3344883603858906,0.1115131936092465,-0.22297516677664408,0.22297516677664408
2,7,10,-0.6666666666666667,0.16666666666666652,0.6666666666666665,-1.6094379124341007,0.504708354931819,2.41415686865115,1.4594326117914844,-0.9547242568596654,0.33345548118904544,0.23614102611146415,-0.0973144550775813,0.0973144550775813
2,7,11,-0.6666666666666667,0.16666666666666652,0.8333333333333333,-1.6094379124341007,0.504708354931819,3.596842909197555,2.050775632064687,-1.546067277132868,0.3333333333400157,0.33333174426502843,-1.5890749872626841e-06,1.5890749872626841e-06
2,8,1,-0.6666666666666667,0.33333333333333326,-0.8333333333333334,-1.6094379124341007,1.0397207708399177,-3.596842909197556,-1.2785610691788192,2.318281840018737,0.3333333712721244,0.30428415157291777,-0.029049219699206652,0.029049219699206652
2,8,2,-0.6666666666666667,0.33333333333333326,-0.6666666666666667,-1.6094379124341007,1.0397207708399177,-2.414156868651151,-0.6872180489056168,1.7269388197455344,0.33417667103611637,0.2734986441032947,-0.06067802693282165,0.06067802693282165
2,8,3,-0.6666666666666667,0.33333333333333326,-0.5,-1.6094379124341007,1.0397207708399177,-1.6479184330021646,-0.30409883108112346,1.343819601921041,0.3994536173503719,0.3472956511540036,-0.052157966196368255,0.052157966196368255
2,8,4,-0.6666666666666667,0.33333333333333326,-0.33333333333333337,-1.6094379124341007,1.0397207708399177,-1.039720770839918,-2.220446049250313e-16,1.0397207708399179,0.4999999982203421,0.49019765197417864,-0.00980234624616344,0.00980234624616344
2,8,5,-0.6666666666666667,0.33333333333333326,-0.16666666666666674,-1.6094379124341007,1.0397207708399177,-0.5047083549318196,0.267506207954049,0.7722145628858686,0.5881300359335297,0.6498033878055103,0.06167335187198053,0.06167335187198053
2,8,6,-0.6666666666666667,0.33333333333333326,0.0,-1.6094379124341007,1.0397207708399177,0.0,0.5198603854199588,0.5198603854199588,0.6641421199366475,0.6726987858255369,0.00855666588888937,0.00855666588888937
2,8,7,-0.6666666666666667,0.33333333333333326,0.16666666666666652,-1.6094379124341007,1.0397207708399177,0.504708354931819,0.7722145628858683,0.26750620795404934,0.5881300359314368,0.6376523239342293,0.04952228800279257,0.04952228800279257
2,8,8,-0.6666666666666667,0.33333333333333326,0.33333333333333326,-1.6094379124341007,1.0397207708399177,1.0397207708399177,1.0397207708399177,0.0,0.49999999820746005,0.44880790462174625,-0.051192093585713805,0.051192093585713805
2,8,9,-0.6666666666666667,0.33333333333333326,0.5,-1.6094379124341007,1.0397207708399177,1.6479184330021646,1.343819601921041,-0.30409883108112346,0.3994536173251204,0.34240068257803025,-0.05705293474709017,0.05705293474709017
2,8,10,-0.6666666666666667,0.33333333333333326,0.6666666666666665,-1.6094379124341007,1.0397207708399177,2.41415686865115,1.7269388197455338,-0.6872180489056161,0.3341766710206671,0.29179628052782136,-0.042380390492845754,0.042380390492845754
2,8,11,-0.6666666666666667,0.33333333333333326,0.8333333333333333,-1.6094379124341007,1.0397207708399177,3.596842909197555,2.318281840018736,-1.2785610691788187,0.3333333712725374,0.3333197764198351,-1.3594852702303317e-05,1.3594852702303317e-05
2,9,1,-0.6666666666666667,0.5,-0.8333333333333334,-1.6094379124341007,1.6479184330021646,-3.596842909197556,-0.9744622380976957,2.6223806710998603,0.3334022681334746,0.33333332289172235,-6.894524175227179e-05,6.894524175227179e-05
2,9,2,-0.6666666666666667,0.5,-0.6666666666666667,-1.6094379124341007,1.6479184330021646,-2.414156868651151,-0.3831192178244933,2.031037650826658,0.3733265391887411,0.333612143122361,-0.03971439606638011,0.03971439606638011
2,9,3,-0.6666666666666667,0.5,-0.5,-1.6094379124341007,1.6479184330021646,-1.6479184330021646,0.0,1.6479184330021646,0.5000000000330451,0.49020026497439184,-0.00979973505865328,0.00979973505865328
2,9,4,-0.6666666666666667,0.5,-0.33333333333333337,-1.6094379124341007,1.6479184330021646,-1.039720770839918,0.30409883108112323,1.3438196019210413,0.6005463667149747,0.6634106951740759,0.06286432845910117,0.06286432845910117
2,9,5,-0.6666666666666667,0.5,-0.16666666666666674,-1.6094379124341007,1.6479184330021646,-0.5047083549318196,0.5716050390351725,1.0763133939669922,0.665511569975824,0.6703869880491984,0.004875418073374438,0.004875418073374438
2,9,6,-0.6666666666666667,0.5,0.0,-1.6094379124341007,1.6479184330021646,0.0,0.8239592165010823,0.8239592165010823,0.6657259669018458,0.6700736860703267,0.004347719168480868,0.004347719168480868
2,9,7,-0.6666666666666667,0.5,0.16666666666666652,-1.6094379124341007,1.6479184330021646,0.504708354931819,1.0763133939669918,0.5716050390351728,0.6655115699786913,0.6703893120895343,0.00487774211084302,0.00487774211084302
2,9,8,-0.6666666666666667,0.5,0.33333333333333326,-1.6094379124341007,1.6479184330021646,1.0397207708399177,1.343819601921041,0.30409883108112346,0.6005463667067863,0.6512276260711014,0.05068125936431511,0.05068125936431511
2,9,9,-0.6666666666666667,0.5,0.5,-1.6094379124341007,1.6479184330021646,1.6479184330021646,1.6479184330021646,0.0,0.5000000000037657,0.4488086101159977,-0.051191389887767946,0.051191389887767946
2,9,10,-0.6666666666666667,0.5,0.6666666666666665,-1.6094379124341007,1.6479184330021646,2.41415686865115,2.031037650826657,-0.38311921782449265,0.37332653917454806,0.3333572073235114,-0.03996933185103668,0.03996933185103668
2,9,11,-0.6666666666666667,0.5,0.8333333333333333,-1.6094379124341007,1.6479184330021646,3.596842909197555,2.62238067109986,-0.9744622380976953,0.333402268134446,0.33333333358762307,-6.893454682294076e-05,6.893454682294076e-05
2,10,1,-0.6666666666666667,0.6666666666666665,-0.8333333333333334,-1.6094379124341007,2.41415686865115,-3.596842909197556,-0.5913430202732031,3.005499888924353,0.3344351476101775,0.3333336102473855,-0.0011015373627920044,0.0011015373627920044
2,10,2,-0.6666666666666667,0.6666666666666665,-0.6666666666666667,-1.6094379124341007,2.41415686865115,-2.414156868651151,-6.661338147750939e-16,2.4141568686511503,0.499999999993192,0.4902002644066924,-0.009799735586499603,0.009799735586499603
2,10,3,-0.6666666666666667,0.6666666666666665,-0.5,-1.6094379124341007,2.41415686865115,-1.6479184330021646,0.38311921782449265,2.031037650826657,0.6266734608365749,0.6663626526152933,0.039689191778718325,0.039689191778718325
2,10,4,-0.6666666666666667,0.6666666666666665,-0.33333333333333337,-1.6094379124341007,2.41415686865115,-1.039720770839918,0.6872180489056159,1.726938819745534,0.6658233289767655,0.6699363693951419,0.004113040418376346,0.004113040418376346
2,10,5,-0.6666666666666667,0.6666666666666665,-0.16666666666666674,-1.6094379124341007,2.41415686865115,-0.5047083549318196,0.9547242568596651,1.4594326117914846,0.6665445118623122,0.6690690483068962,0.002524536444583947,0.002524536444583947
2,10,6,-0.6666666666666667,0.6666666666666665,0.0,-1.6094379124341007,2.41415686865115,0.0,1.207078434325575,1.207078434325575,0.6666665663049574,0.6689506645770587,0.002284098272101298,0.002284098272101298
2,10,7,-0.6666666666666667,0.6666666666666665,0.16666666666666652,-1.6094379124341007,2.41415686865115,0.504708354931819,1.4594326117914844,0.9547242568596654,0.6665445118643349,0.6690690485221193,0.002524536657784404,0.002524536657784404
2,10,8,-0.6666666666666667,0.6666666666666665,0.33333333333333326,-1.6094379124341007,2.41415686865115,1.0397207708399177,1.7269388197455338,0.6872180489056161,0.6658233289760127,0.6699363171356034,0.004112988159590714,0.004112988159590714
2,10,9,-0.6666666666666667,0.6666666666666665,0.5,-1.6094379124341007,2.41415686865115,1.6479184330021646,2.031037650826657,0.38311921782449265,0.6266734608256045,0.6665120805398561,0.03983861971425162,0.03983861971425162
2,10,10,-0.6666666666666667,0.6666666666666665,0.6666666666666665,-1.6094379124341007,2.41415686865115,2.41415686865115,2.41415686865115,0.0,0.5000000000112669,0.44880861025167296,-0.05119138975959392,0.05119138975959392
2,10,11,-0.6666666666666667,0.6666666666666665,0.8333333333333333,-1.6094379124341007,2.41415686865115,3.596842909197555,3.0054998889243523,-0.5913430202732026,0.3344351476235192,0.3333336659720776,-0.0011014816514416381,0.0011014816514416381
2,11,1,-0.6666666666666667,0.8333333333333333,-0.8333333333333334,-1.6094379124341007,3.596842909197555,-3.596842909197556,-4.440892098500626e-16,3.5968429091975556,0.5000000000089115,0.49020026463715516,-0.00979973537175638,0.00979973537175638
2,11,2,-0.6666666666666667,0.8333333333333333,-0.6666666666666667,-1.6094379124341007,3.596842909197555,-2.414156868651151,0.591343020273202,3.005499888924353,0.6655648523614761,0.6702970748661132,0.004732222504637118,0.004732222504637118
2,11,3,-0.6666666666666667,0.8333333333333333,-0.5,-1.6094379124341007,3.596842909197555,-1.6479184330021646,0.9744622380976953,2.62238067109986,0.6665977318692479,0.6690163623098417,0.002418630440593872,0.002418630440593872
2,11,4,-0.6666666666666667,0.8333333333333333,-0.33333333333333337,-1.6094379124341007,3.596842909197555,-1.039720770839918,1.2785610691788185,2.3182818400187366,0.6666666287305523,0.6689506066805895,0.002283977950037208,0.002283977950037208
2,11,5,-0.6666666666666667,0.8333333333333333,-0.16666666666666674,-1.6094379124341007,3.596842909197555,-0.5047083549318196,1.5460672771328676,2.0507756320646875,0.6666666666629643,0.668950571249536,0.0022839045865717944,0.0022839045865717944
2,11,6,-0.6666666666666667,0.8333333333333333,0.0,-1.6094379124341007,3.596842909197555,0.0,1.7984214545987776,1.7984214545987776,0.6666666666633771,0.6689505712491557,0.00228390458577854,0.00228390458577854
2,11,7,-0.6666666666666667,0.8333333333333333,0.16666666666666652,-1.6094379124341007,3.596842909197555,0.504708354931819,2.050775632064687,1.546067277132868,0.6666666666629879,0.6689505712495081,0.002283904586520169,0.002283904586520169
2,11,8,-0.6666666666666667,0.8333333333333333,0.33333333333333326,-1.6094379124341007,3.596842909197555,1.0397207708399177,2.318281840018736,1.2785610691788187,0.6666666287303402,0.6689506066812183,0.002283977950878091,0.002283977950878091
2,11,9,-0.6666666666666667,0.8333333333333333,0.5,-1.6094379124341007,3.596842909197555,1.6479184330021646,2.62238067109986,0.9744622380976953,0.6665977318682785,0.6690163623463099,0.0024186304780313694,0.0024186304780313694
2,11,10,-0.6666666666666667,0.8333333333333333,0.6666666666666665,-1.6094379124341007,3.596842909197555,2.41415686865115,3.0054998889243523,0.5913430202732026,0.6655648523538106,0.6702909176081131,0.004726065254302525,0.004726065254302525
2,11,11,-0.6666666666666667,0.8333333333333333,0.8333333333333333,-1.6094379124341007,3.596842909197555,3.596842909197555,3.596842909197555,0.0,0.49999999999110895,0.4488086098957721,-0.05119139009533685,0.05119139009533685
3,1,1,-0.5,-0.8333333333333334,-0.8333333333333334,-1.0986122886681098,-3.596842909197556,-3.596842909197556,-3.596842909197556,0.0,0.32775333594234446,0.04533714687710805,-0.2824161890652364,0.2824161890652364
3,1,2,-0.5,-0.8333333333333334,-0.6666666666666667,-1.0986122886681098,-3.596842909197556,-2.414156868651151,-3.0054998889243536,-0.5913430202732024,0.14147222851171087,0.004059005222759222,-0.13741322328895164,0.13741322328895164
3,1,3,-0.5,-0.8333333333333334,-0.5,-1.0986122886681098,-3.596842909197556,-1.6479184330021646,-2.6223806710998603,-0.9744622380976957,0.0649126638866299,0.0007571976792115221,-0.06415546620741838,0.06415546620741838
3,1,4,-0.5,-0.8333333333333334,-0.33333333333333337,-1.0986122886681098,-3.596842909197556,-1.039720770839918,-2.318281840018737,-1.278561069178819,0.05387119575900304,0.00038661940009350265,-0.05348457635890953,0.05348457635890953
3,1,5,-0.5,-0.8333333333333334,-0.16666666666666674,-1.0986122886681098,-3.596842909197556,-0.5047083549318196,-2.050775632064688,-1.546067277132868,0.04912273474905493,0.000262783103143526,-0.048859951645911406,0.048859951645911406
3,1,6,-0.5,-0.8333333333333334,0.0,-1.0986122886681098,-3.596842909197556,0.0,-1.798421454598778,-1.798421454598778,0.04907272884465566,0.00013355518483726896,-0.04893917365981839,0.04893917365981839
3,1,7,-0.5,-0.8333333333333334,0.16666666666666652,-1.0986122886681098,-3.596842909197556,0.504708354931819,-1.5460672771328685,-2.0507756320646875,0.04912273472497063,0.0002618065883395594,-0.04886092813663107,0.04886092813663107
3,1,8,-0.5,-0.8333333333333334,0.33333333333333326,-1.0986122886681098,-3.596842909197556,1.0397207708399177,-1.2785610691788192,-2.318281840018737,0.05387119573820015,0.000385252104495108,-0.05348594363370504,0.05348594363370504
3,1,9,-0.5,-0.8333333333333334,0.5,-1.0986122886681098,-3.596842909197556,1.6479184330021646,-0.9744622380976957,-2.6223806710998603,0.06491266388748095,0.0007575209513337796,-0.06415514293614717,0.06415514293614717
3,1,10,-0.5,-0.8333333333333334,0.6666666666666665,-1.0986122886681098,-3.596842909197556,2.41415686865115,-0.5913430202732031,-3.005499888924353,0.1414722285419896,0.0048547117084512,-0.1366175168335384,0.1366175168335384
3,1,11,-0.5,-0.8333333333333334,0.8333333333333333,-1.0986122886681098,-3.596842909197556,3.596842909197555,-4.440892098500626e-16,-3.5968429091975556,0.3277533359329855,0.045342044479750876,-0.2824112914532346,0.2824112914532346
3,2,1,-0.5,-0.6666666666666667,-0.8333333333333334,-1.0986122886681098,-2.414156868651151,-3.596842909197556,-3.0054998889243536,0.5913430202732024,0.33332917033136616,0.055624345395601196,-0.277704824935765,0.277704824935765
3,2,2,-0.5,-0.6666666666666667,-0.6666666666666667,-1.0986122886681098,-2.414156868651151,-2.414156868651151,-2.414156868651151,0.0,0.3277533359324344,0.045337146485237095,-0.28241618944719726,0.28241618944719726
3,2,3,-0.5,-0.6666666666666667,-0.5,-1.0986122886681098,-2.414156868651151,-1.6479184330021646,-2.031037650826658,-0.3831192178244933,0.19900395534744608,0.0072196802297797,-0.19178427511766638,0.19178427511766638
3,2,4,-0.5,-0.6666666666666667,-0.33333333333333337,-1.0986122886681098,-2.414156868651151,-1.039720770839918,-1.7269388197455346,-0.6872180489056166,0.12231335291219272,0.0025324529708232848,-0.11978089994136944,0.11978089994136944
3,2,5,-0.5,-0.6666666666666667,-0.16666666666666674,-1.0986122886681098,-2.414156868651151,-0.5047083549318196,-1.4594326117914855,-0.9547242568596658,0.06909888200882118,0.0008703580740729332,-0.06822852393474825,0.06822852393474825
3,2,6,-0.5,-0.6666666666666667,0.0,-1.0986122886681098,-2.414156868651151,0.0,-1.2070784343255756,-1.2070784343255756,0.05913743730633049,0.0006015439605983391,-0.05853589334573215,0.05853589334573215
3,2,7,-0.5,-0.6666666666666667,0.16666666666666652,-1.0986122886681098,-2.414156868651151,0.504708354931819,-0.9547242568596661,-1.459432611791485,0.0690988819712583,0.000870829367781495,-0.06822805260347681,0.06822805260347681
3,2,8,-0.5,-0.6666666666666667,0.33333333333333326,-1.0986122886681098,-2.414156868651151,1.0397207708399177,-0.6872180489056168,-1.7269388197455344,0.12231335290079914,0.0031767940861535835,-0.11913655881464556,0.11913655881464556
3,2,9,-0.5,-0.6666666666666667,0.5,-1.0986122886681098,-2.414156868651151,1.6479184330021646,-0.3831192178244933,-2.031037650826658,0.1990039553652082,0.007178496836278865,-0.19182545852892935,0.19182545852892935
3,2,10,-0.5,-0.6666666666666667,0.6666666666666665,-1.0986122886681098,-2.414156868651151,2.41415686865115,-6.661338147750939e-16,-2.4141568686511503,0.32775333594055345,0.0453420447787207,-0.2824112911618327,0.2824112911618327
3,2,11,-0.5,-0.6666666666666667,0.8333333333333333,-1.0986122886681098,-2.414156868651151,3.596842909197555,0.591343020273202,-3.005499888924353,0.33332917035595794,0.06414865222075436,-0.2691805181352036,0.2691805181352036
3,3,1,-0.5,-0.5,-0.8333333333333334,-1.0986122886681098,-1.6479184330021646,-3.596842909197556,-2.6223806710998603,0.9744622380976957,0.3333331372929844,0.10427813077521425,-0.22905500651777017,0.22905500651777017
3,3,2,-0.5,-0.5,-0.6666666666666667,-1.0986122886681098,-1.6479184330021646,-2.414156868651151,-2.031037650826658,0.3831192178244933,0.33202502987739424,0.048973596910103195,-0.2830514329672911,0.2830514329672911
3,3,3,-0.5,-0.5,-0.5,-1.0986122886681098,-1.6479184330021646,-1.6479184330021646,-1.6479184330021646,0.0,0.3277533359342879,0.04533716061872671,-0.2824161753155612,0.2824161753155612
3,3,4,-0.5,-0.5,-0.33333333333333337,-1.0986122886681098,-1.6479184330021646,-1.039720770839918,-1.3438196019210413,-0.30409883108112323,0.22555976991266657,0.010679178057807721,-0.21488059185485886,0.21488059185485886
3,3,5,-0.5,-0.5,-0.16666666666666674,-1.0986122886681098,-1.6479184330021646,-0.5047083549318196,-1.0763133939669922,-0.5716050390351725,0.14581619687195618,0.00446423698103343,-0.14135195989092275,0.14135195989092275
3,3,6,-0.5,-0.5,0.0,-1.0986122886681098,-1.6479184330021646,0.0,-0.8239592165010823,-0.8239592165010823,0.12164631660368591,0.003328869761774659,-0.11831744684191126,0.11831744684191126
3,3,7,-0.5,-0.5,0.16666666666666652,-1.0986122886681098,-1.6479184330021646,0.504708354931819,-0.5716050390351728,-1.0763133939669918,0.1458161968363006,0.004532042457809601,-0.14128415437849098,0.14128415437849098
3,3,8,-0.5,-0.5,0.33333333333333326,-1.0986122886681098,-1.6479184330021646,1.0397207708399177,-0.30409883108112346,-1.343819601921041,0.22555976989943322,0.010678192261490867,-0.21488157763794236,0.21488157763794236
3,3,9,-0.5,-0.5,0.5,-1.0986122886681098,-1.6479184330021646,1.6479184330021646,0.0,-1.6479184330021646,0.3277533359349101,0.04534226494012342,-0.2824110709947867,0.2824110709947867
3,3,10,-0.5,-0.5,0.6666666666666665,-1.0986122886681098,-1.6479184330021646,2.41415686865115,0.38311921782449265,-2.031037650826657,0.3320250298857995,0.047790346689627755,-0.28423468319617173,0.28423468319617173
3,3,11,-0.5,-0.5,0.8333333333333333,-1.0986122886681098,-1.6479184330021646,3.596842909197555,0.9744622380976953,-2.62238067109986,0.3333331372937417,0.08627923113967334,-0.24705390615406836,0.24705390615406836
3,4,1,-0.5,-0.33333333333333337,-0.8333333333333334,-1.0986122886681098,-1.039720770839918,-3.596842909197556,-2.318281840018737,1.278561069178819,0.333333401928439,0.2004591159328103,-0.13287428599562873,0.13287428599562873
3,4,2,-0.5,-0.33333333333333337,-0.6666666666666667,-1.0986122886681098,-1.039720770839918,-2.414156868651151,-1.7269388197455346,0.6872180489056166,0.3333301630755675,0.06691461902802676,-0.26641554404754075,0.26641554404754075
3,4,3,-0.5,-0.33333333333333337,-0.5,-1.0986122886681098,-1.039720770839918,-1.6479184330021646,-1.3438196019210413,0.30409883108112323,0.3311439966332973,0.07390214232761211,-0.2572418543056852,0.2572418543056852
3,4,4,-0.5,-0.33333333333333337,-0.33333333333333337,-1.0986122886681098,-1.039720770839918,-1.039720770839918,-1.039720770839918,0.0,0.32775341270352903,0.04791844614250228,-0.27983496656102674,0.27983496656102674
3,4,5,-0.5,-0.33333333333333337,-0.16666666666666674,-1.0986122886681098,-1.039720770839918,-0.5047083549318196,-0.7722145628858689,-0.2675062079540492,0.24302979854693452,0.021171176455999433,-0.2218586220909351,0.2218586220909351
3,4,6,-0.5,-0.33333333333333337,0.0,-1.0986122886681098,-1.039720770839918,0.0,-0.519860385419959,-0.519860385419959,0.17808732021145066,0.015322802951326594,-0.16276451726012406,0.16276451726012406
3,4,7,-0.5,-0.33333333333333337,0.16666666666666652,-1.0986122886681098,-1.039720770839918,0.504708354931819,-0.26750620795404956,-0.7722145628858685,0.24302979852961965,0.021229068902400977,-0.22180072962721867,0.22180072962721867
3,4,8,-0.5,-0.33333333333333337,0.33333333333333326,-1.0986122886681098,-1.039720770839918,1.0397207708399177,-2.220446049250313e-16,-1.0397207708399179,0.3277534126957247,0.04721316335028147,-0.28054024934544325,0.28054024934544325
3,4,9,-0.5,-0.33333333333333337,0.5,-1.0986122886681098,-1.039720770839918,1.6479184330021646,0.30409883108112323,-1.3438196019210413,0.331143996627967,0.07390250828924216,-0.25724148833872484,0.25724148833872484
3,4,10,-0.5,-0.33333333333333337,0.6666666666666665,-1.0986122886681098,-1.039720770839918,2.41415686865115,0.6872180489056159,-1.726938819745534,0.3333301630706392,0.07332027509893602,-0.26000988797170316,0.26000988797170316
3,4,11,-0.5,-0.33333333333333337,0.8333333333333333,-1.0986122886681098,-1.039720770839918,3.596842909197555,1.2785610691788185,-2.3182818400187366,0.3333334019284634,0.1956461899815764,-0.137687211946887,0.137687211946887
3,5,1,-0.5,-0.16666666666666674,-0.8333333333333334,-1.0986122886681098,-0.5047083549318196,-3.596842909197556,-2.050775632064688,1.546067277132868,0.33333340209429096,0.23521497734616875,-0.09811842474812221,0.09811842474812221
3,5,2,-0.5,-0.16666666666666674,-0.6666666666666667,-1.0986122886681098,-0.5047083549318196,-2.414156868651151,-1.4594326117914855,0.9547242568596658,0.3333329398725336,0.09558713103780739,-0.2377458088347262,0.2377458088347262
3,5,3,-0.5,-0.16666666666666674,-0.5,-1.0986122886681098,-0.5047083549318196,-1.6479184330021646,-1.0763133939669922,0.5716050390351725,0.333329038541155,0.053224710065686534,-0.28010432847546846,0.28010432847546846
3,5,4,-0.5,-0.16666666666666674,-0.33333333333333337,-1.0986122886681098,-0.5047083549318196,-1.039720770839918,-0.7722145628858689,0.2675062079540492,0.3313435773092226,0.0727746691678291,-0.2585689081413935,0.2585689081413935
3,5,5,-0.5,-0.16666666666666674,-0.16666666666666674,-1.0986122886681098,-0.5047083549318196,-0.5047083549318196,-0.5047083549318196,0.0,0.32905793140007317,0.13937965630522214,-0.18967827509485102,0.18967827509485102
3,5,6,-0.5,-0.16666666666666674,0.0,-1.0986122886681098,-0.5047083549318196,0.0,-0.2523541774659098,-0.2523541774659098,0.32389547706997857,0.06447983461332177,-0.2594156424566568,0.2594156424566568
3,5,7,-0.5,-0.16666666666666674,0.16666666666666652,-1.0986122886681098,-0.5047083549318196,0.504708354931819,-3.3306690738754696e-16,-0.5047083549318193,0.32905793139214207,0.13194398039765187,-0.1971139509944902,0.1971139509944902
3,5,8,-0.5,-0.16666666666666674,0.33333333333333326,-1.0986122886681098,-0.5047083549318196,1.0397207708399177,0.267506207954049,-0.7722145628858686,0.33134357730720604,0.07681628274836305,-0.254527294558843,0.254527294558843
3,5,9,-0.5,-0.16666666666666674,0.5,-1.0986122886681098,-0.5047083549318196,1.6479184330021646,0.5716050390351725,-1.0763133939669922,0.3333290385584335,0.06533915378888558,-0.2679898847695479,0.2679898847695479
3,5,10,-0.5,-0.16666666666666674,0.6666666666666665,-1.0986122886681098,-0.5047083549318196,2.41415686865115,0.9547242568596651,-1.4594326117914846,0.333332939870811,0.07430274648630794,-0.25903019338450306,0.25903019338450306
3,5,11,-0.5,-0.16666666666666674,0.8333333333333333,-1.0986122886681098,-0.5047083549318196,3.596842909197555,1.5460672771328676,-2.0507756320646875,0.3333334020943599,0.20007269834317482,-0.1332607037511851,0.1332607037511851
3,6,1,-0.5,0.0,-0.8333333333333334,-1.0986122886681098,0.0,-3.596842909197556,-1.798421454598778,1.798421454598778,0.33333340209538453,0.3027597972622291,-0.03057360483315541,0.03057360483315541
3,6,2,-0.5,0.0,-0.6666666666666667,-1.0986122886681098,0.0,-2.414156868651151,-1.2070784343255756,1.2070784343255756,0.33333345205581605,0.16318502799620577,-0.17014842405961028,0.17014842405961028
3,6,3,-0.5,0.0,-0.5,-1.0986122886681098,0.0,-1.6479184330021646,-0.8239592165010823,0.8239592165010823,0.33380626569236216,0.11853613103302943,-0.21527013465933273,0.21527013465933273
3,6,4,-0.5,0.0,-0.33333333333333337,-1.0986122886681098,0.0,-1.039720770839918,-0.519860385419959,0.519860385419959,0.33462296369728656,0.11384132303476191,-0.22078164066252465,0.22078164066252465
3,6,5,-0.5,0.0,-0.16666666666666674,-1.0986122886681098,0.0,-0.5047083549318196,-0.2523541774659098,0.2523541774659098,0.406068111967492,0.15679889780588147,-0.24926921416161052,0.24926921416161052
3,6,6,-0.5,0.0,0.0,-1.0986122886681098,0.0,0.0,0.0,0.0,0.46297279456055895,0.24052423663177136,-0.2224485579287876,0.2224485579287876
3,6,7,-0.5,0.0,0.16666666666666652,-1.0986122886681098,0.0,0.504708354931819,0.2523541774659095,-0.2523541774659095,0.4060681119580865,0.15616132250019782,-0.2499067894578887,0.2499067894578887
3,6,8,-0.5,0.0,0.33333333333333326,-1.0986122886681098,0.0,1.0397207708399177,0.5198603854199588,-0.5198603854199588,0.33462296367496525,0.10689432596543577,-0.22772863770952947,0.22772863770952947
3,6,9,-0.5,0.0,0.5,-1.0986122886681098,0.0,1.6479184330021646,0.8239592165010823,-0.8239592165010823,0.3338062656990146,0.11122301236170831,-0.2225832533373063,0.2225832533373063
3,6,10,-0.5,0.0,0.6666666666666665,-1.0986122886681098,0.0,2.41415686865115,1.207078434325575,-1.207078434325575,0.33333345205578413,0.12503726027099177,-0.20829619178479236,0.20829619178479236
3,6,11,-0.5,0.0,0.8333333333333333,-1.0986122886681098,0.0,3.596842909197555,1.7984214545987776,-1.7984214545987776,0.33333340209542106,0.31728795499626605,-0.016045447099155008,0.016045447099155008
3,7,1,-0.5,0.16666666666666652,-0.8333333333333334,-1.0986122886681098,0.504708354931819,-3.596842909197556,-1.5460672771328685,2.0507756320646875,0.33333340209598294,0.33236395044877043,-0.0009694516472125159,0.0009694516472125159
3,7,2,-0.5,0.16666666666666652,-0.6666666666666667,-1.0986122886681098,0.504708354931819,-2.414156868651151,-0.9547242568596661,1.459432611791485,0.3334555496213858,0.1947449249886833,-0.1387106246327025,0.1387106246327025
3,7,3,-0.5,0.16666666666666652,-0.5,-1.0986122886681098,0.504708354931819,-1.6479184330021646,-0.5716050390351728,1.0763133939669918,0.33448842605393153,0.1242837929204039,-0.21020463313352764,0.21020463313352764
3,7,4,-0.5,0.16666666666666652,-0.33333333333333337,-1.0986122886681098,0.504708354931819,-1.039720770839918,-0.26750620795404956,0.7722145628858685,0.411545356643119,0.30498823981688217,-0.10655711682623681,0.10655711682623681
3,7,5,-0.5,0.16666666666666652,-0.16666666666666674,-1.0986122886681098,0.504708354931819,-0.5047083549318196,-3.3306690738754696e-16,0.5047083549318193,0.499972327840224,0.46210386524144054,-0.03786846259878346,0.03786846259878346
3,7,6,-0.5,0.16666666666666652,0.0,-1.0986122886681098,0.504708354931819,0.0,0.2523541774659095,0.2523541774659095,0.5326888662726484,0.4633082924271348,-0.06938057384551366,0.06938057384551366
3,7,7,-0.5,0.16666666666666652,0.16666666666666652,-1.0986122886681098,0.504708354931819,0.504708354931819,0.504708354931819,0.0,0.4999723278372687,0.4356527113832268,-0.06431961645404188,0.06431961645404188
3,7,8,-0.5,0.16666666666666652,0.33333333333333326,-1.0986122886681098,0.504708354931819,1.0397207708399177,0.7722145628858683,-0.26750620795404934,0.411545356646452,0.3084575335089843,-0.10308782313746767,0.10308782313746767
3,7,9,-0.5,0.16666666666666652,0.5,-1.0986122886681098,0.504708354931819,1.6479184330021646,1.0763133939669918,-0.5716050390351728,0.33448842606697937,0.11151697508574454,-0.22297145098123483,0.22297145098123483
3,7,10,-0.5,0.16666666666666652,0.6666666666666665,-1.0986122886681098,0.504708354931819,2.41415686865115,1.4594326117914844,-0.9547242568596654,0.3334555496226257,0.2361457824141912,-0.09730976720843448,0.09730976720843448
3,7,11,-0.5,0.16666666666666652,0.8333333333333333,-1.0986122886681098,0.504708354931819,3.596842909197555,2.050775632064687,-1.546067277132868,0.3333334020959816,0.3333317439101965,-1.6581857851249993e-06,1.6581857851249993e-06
3,8,1,-0.5,0.33333333333333326,-0.8333333333333334,-1.0986122886681098,1.0397207708399177,-3.596842909197556,-1.2785610691788192,2.318281840018737,0.33333344003516435,0.30427446545565007,-0.029058974579514285,0.029058974579514285
3,8,2,-0.5,0.33333333333333326,-0.6666666666666667,-1.0986122886681098,1.0397207708399177,-2.414156868651151,-0.6872180489056168,1.7269388197455344,0.334176737534478,0.27349773591669757,-0.06067900161778045,0.06067900161778045
3,8,3,-0.5,0.33333333333333326,-0.5,-1.0986122886681098,1.0397207708399177,-1.6479184330021646,-0.30409883108112346,1.343819601921041,0.39945365756685325,0.3472975554729725,-0.052156102093880774,0.052156102093880774
3,8,4,-0.5,0.33333333333333326,-0.33333333333333337,-1.0986122886681098,1.0397207708399177,-1.039720770839918,-2.220446049250313e-16,1.0397207708399179,0.4999999997904775,0.49021309900707755,-0.009786900783399943,0.009786900783399943
3,8,5,-0.5,0.33333333333333326,-0.16666666666666674,-1.0986122886681098,1.0397207708399177,-0.5047083549318196,0.267506207954049,0.7722145628858686,0.5881300368414468,0.6500530057709628,0.06192296892951599,0.06192296892951599
3,8,6,-0.5,0.33333333333333326,0.0,-1.0986122886681098,1.0397207708399177,0.0,0.5198603854199588,0.5198603854199588,0.6641421202470674,0.8089794519832296,0.1448373317361622,0.1448373317361622
3,8,7,-0.5,0.33333333333333326,0.16666666666666652,-1.0986122886681098,1.0397207708399177,0.504708354931819,0.7722145628858683,0.26750620795404934,0.5881300368367514,0.6379742823453949,0.049844245508643525,0.049844245508643525
3,8,8,-0.5,0.33333333333333326,0.33333333333333326,-1.0986122886681098,1.0397207708399177,1.0397207708399177,1.0397207708399177,0.0,0.49999999981370175,0.44888114584740135,-0.05111885396630039,0.05111885396630039
3,8,9,-0.5,0.33333333333333326,0.5,-1.0986122886681098,1.0397207708399177,1.6479184330021646,1.343819601921041,-0.30409883108112346,0.3994536575851065,0.3424030404128148,-0.05705061717229171,0.05705061717229171
3,8,10,-0.5,0.33333333333333326,0.6666666666666665,-1.0986122886681098,1.0397207708399177,2.41415686865115,1.7269388197455338,-0.6872180489056161,0.33417673753346133,0.2917955276055896,-0.042381209927871755,0.042381209927871755
3,8,11,-0.5,0.33333333333333326,0.8333333333333333,-1.0986122886681098,1.0397207708399177,3.596842909197555,2.318281840018736,-1.2785610691788187,0.33333344002889154,0.33331974372525763,-1.3696303633903284e-05,1.3696303633903284e-05
3,9,1,-0.5,0.5,-0.8333333333333334,-1.0986122886681098,1.6479184330021646,-3.596842909197556,-0.9744622380976957,2.6223806710998603,0.3334023367078966,0.3333333229672051,-6.901374069151478e-05,6.901374069151478e-05
3,9,2,-0.5,0.5,-0.6666666666666667,-1.0986122886681098,1.6479184330021646,-2.414156868651151,-0.3831192178244933,2.031037650826658,0.3733265894678677,0.33361237166233526,-0.039714217805532415,0.039714217805532415
3,9,3,-0.5,0.5,-0.5,-1.0986122886681098,1.6479184330021646,-1.6479184330021646,0.0,1.6479184330021646,0.5000000015597215,0.49021571142639087,-0.009784290133330598,0.009784290133330598
3,9,4,-0.5,0.5,-0.33333333333333337,-1.0986122886681098,1.6479184330021646,-1.039720770839918,0.30409883108112323,1.3438196019210413,0.6005463674959819,0.6639713326024965,0.06342496510651463,0.06342496510651463
3,9,5,-0.5,0.5,-0.16666666666666674,-1.0986122886681098,1.6479184330021646,-0.5047083549318196,0.5716050390351725,1.0763133939669922,0.6655115702986273,0.8004393287718452,0.13492775847321792,0.13492775847321792
3,9,6,-0.5,0.5,0.0,-1.0986122886681098,1.6479184330021646,0.0,0.8239592165010823,0.8239592165010823,0.665725967210733,0.7992527363654087,0.13352676915467576,0.13352676915467576
3,9,7,-0.5,0.5,0.16666666666666652,-1.0986122886681098,1.6479184330021646,0.504708354931819,1.0763133939669918,0.5716050390351728,0.6655115702754922,0.8006549419178848,0.13514337164239254,0.13514337164239254
3,9,8,-0.5,0.5,0.33333333333333326,-1.0986122886681098,1.6479184330021646,1.0397207708399177,1.343819601921041,0.30409883108112346,0.6005463675036145,0.6518738498846561,0.05132748238104168,0.05132748238104168
3,9,9,-0.5,0.5,0.5,-1.0986122886681098,1.6479184330021646,1.6479184330021646,1.6479184330021646,0.0,0.5000000015604997,0.44888185081741183,-0.0511181507430879,0.0511181507430879
3,9,10,-0.5,0.5,0.6666666666666665,-1.0986122886681098,1.6479184330021646,2.41415686865115,2.031037650826657,-0.38311921782449265,0.37332658945587754,0.33335744231442843,-0.03996914714144911,0.03996914714144911
3,9,11,-0.5,0.5,0.8333333333333333,-1.0986122886681098,1.6479184330021646,3.596842909197555,2.62238067109986,-0.9744622380976953,0.33340233670572567,0.3333333336630375,-6.900304268814272e-05,6.900304268814272e-05
3,10,1,-0.5,0.6666666666666665,-0.8333333333333334,-1.0986122886681098,2.41415686865115,-3.596842909197556,-0.5913430202732031,3.005499888924353,0.3344352134312895,0.33333361041505727,-0.0011016030162322443,0.0011016030162322443
3,10,2,-0.5,0.6666666666666665,-0.6666666666666667,-1.0986122886681098,2.41415686865115,-2.414156868651151,-6.661338147750939e-16,2.4141568686511503,0.5000000015740466,0.490215711653338,-0.009784289920708567,0.009784289920708567
3,10,3,-0.5,0.6666666666666665,-0.5,-1.0986122886681098,2.41415686865115,-1.6479184330021646,0.38311921782449265,2.031037650826657,0.6266734614174576,0.6766408614531143,0.049967400035656695,0.049967400035656695
3,10,4,-0.5,0.6666666666666665,-0.33333333333333337,-1.0986122886681098,2.41415686865115,-1.039720770839918,0.6872180489056159,1.726938819745534,0.665823329265277,0.7985599879197456,0.1327366586544686,0.1327366586544686
3,10,5,-0.5,0.6666666666666665,-0.16666666666666674,-1.0986122886681098,2.41415686865115,-0.5047083549318196,0.9547242568596651,1.4594326117914846,0.6665445121621549,0.7934812860220151,0.12693677385986013,0.12693677385986013
3,10,6,-0.5,0.6666666666666665,0.0,-1.0986122886681098,2.41415686865115,0.0,1.207078434325575,1.207078434325575,0.6666665666055849,0.7926576078445122,0.12599104123892735,0.12599104123892735
3,10,7,-0.5,0.6666666666666665,0.16666666666666652,-1.0986122886681098,2.41415686865115,0.504708354931819,1.4594326117914844,0.9547242568596654,0.6665445121630822,0.7934813005106376,0.1269367883475554,0.1269367883475554
3,10,8,-0.5,0.6666666666666665,0.33333333333333326,-1.0986122886681098,2.41415686865115,1.0397207708399177,1.7269388197455338,0.6872180489056161,0.6658233292637422,0.7985555121378358,0.1327321828740936,0.1327321828740936
3,10,9,-0.5,0.6666666666666665,0.5,-1.0986122886681098,2.41415686865115,1.6479184330021646,2.031037650826657,0.38311921782449265,0.6266734613920438,0.6768013212477455,0.05012785985570167,0.05012785985570167
3,10,10,-0.5,0.6666666666666665,0.6666666666666665,-1.0986122886681098,2.41415686865115,2.41415686865115,2.41415686865115,0.0,0.5000000015501854,0.44888185063898134,-0.051118150911204085,0.051118150911204085
3,10,11,-0.5,0.6666666666666665,0.8333333333333333,-1.0986122886681098,2.41415686865115,3.596842909197555,3.0054998889243523,-0.5913430202732026,0.3344352134298702,0.3333336661456485,-0.0011015472842216822,0.0011015472842216822
3,11,1,-0.5,0.8333333333333333,-0.8333333333333334,-1.0986122886681098,3.596842909197555,-3.596842909197556,-4.440892098500626e-16,3.5968429091975556,0.5000000015626637,0.4902157114863108,-0.009784290076352842,0.009784290076352842
3,11,2,-0.5,0.8333333333333333,-0.6666666666666667,-1.0986122886681098,3.596842909197555,-2.414156868651151,0.591343020273202,3.005499888924353,0.6655648526595177,0.7992745708805009,0.1337097182209832,0.1337097182209832
3,11,3,-0.5,0.8333333333333333,-0.5,-1.0986122886681098,3.596842909197555,-1.6479184330021646,0.9744622380976953,2.62238067109986,0.6665977321690488,0.7931197817561484,0.12652204958709956,0.12652204958709956
3,11,4,-0.5,0.8333333333333333,-0.33333333333333337,-1.0986122886681098,3.596842909197555,-1.039720770839918,1.2785610691788185,2.3182818400187366,0.6666666290314076,0.7926572187796717,0.12599058974826405,0.12599058974826405
3,11,5,-0.5,0.8333333333333333,-0.16666666666666674,-1.0986122886681098,3.596842909197555,-0.5047083549318196,1.5460672771328676,2.0507756320646875,0.6666666669639467,0.7926569662298355,0.12599029926588878,0.12599029926588878
3,11,6,-0.5,0.8333333333333333,0.0,-1.0986122886681098,3.596842909197555,0.0,1.7984214545987776,1.7984214545987776,0.6666666669642323,0.7926569662282716,0.12599029926403937,0.12599029926403937
3,11,7,-0.5,0.8333333333333333,0.16666666666666652,-1.0986122886681098,3.596842909197555,0.504708354931819,2.050775632064687,1.546067277132868,0.6666666669639114,0.7926569662296792,0.12599029926576777,0.12599029926576777
3,11,8,-0.5,0.8333333333333333,0.33333333333333326,-1.0986122886681098,3.596842909197555,1.0397207708399177,2.318281840018736,1.2785610691788187,0.6666666290312921,0.7926572188080574,0.12599058977676525,0.12599058977676525
3,11,9,-0.5,0.8333333333333333,0.5,-1.0986122886681098,3.596842909197555,1.6479184330021646,2.62238067109986,0.9744622380976953,0.666597732170113,0.7931197840775475,0.12652205190743449,0.12652205190743449
3,11,10,-0.5,0.8333333333333333,0.6666666666666665,-1.0986122886681098,3.596842909197555,2.41415686865115,3.0054998889243523,0.5913430202732026,0.6655648526798714,0.798799860848719,0.1332350081688476,0.1332350081688476
3,11,11,-0.5,0.8333333333333333,0.8333333333333333,-1.0986122886681098,3.596842909197555,3.596842909197555,3.596842909197555,0.0,0.5000000015520127,0.44888185067116615,-0.05111815088084659,0.05111815088084659
4,1,1,-0.33333333333333337,-0.8333333333333334,-0.8333333333333334,-0.6931471805599454,-3.596842909197556,-3.596842909197556,-3.596842909197556,0.0,0.3285615516537226,0.09849622044172804,-0.23006533121199454,0.23006533121199454
4,1,2,-0.33333333333333337,-0.8333333333333334,-0.6666666666666667,-0.6931471805599454,-3.596842909197556,-2.414156868651151,-3.0054998889243536,-0.5913430202732024,0.16281226439750476,0.009672627513911722,-0.15313963688359306,0.15313963688359306
4,1,3,-0.33333333333333337,-0.8333333333333334,-0.5,-0.6931471805599454,-3.596842909197556,-1.6479184330021646,-2.6223806710998603,-0.9744622380976957,0.12407968050395835,0.0026274815678953714,-0.12145219893606297,0.12145219893606297
4,1,4,-0.33333333333333337,-0.8333333333333334,-0.33333333333333337,-0.6931471805599454,-3.596842909197556,-1.039720770839918,-2.318281840018737,-1.278561069178819,0.12045441537064396,0.0018186272159137077,-0.11863578815473025,0.11863578815473025
4,1,5,-0.33333333333333337,-0.8333333333333334,-0.16666666666666674,-0.6931471805599454,-3.596842909197556,-0.5047083549318196,-2.050775632064688,-1.546067277132868,0.119624924240816,0.0009276228299862617,-0.11869730141082974,0.11869730141082974
4,1,6,-0.33333333333333337,-0.8333333333333334,0.0,-0.6931471805599454,-3.596842909197556,0.0,-1.798421454598778,-1.798421454598778,0.11962490928261099,0.000643736042528747,-0.11898117324008224,0.11898117324008224
4,1,7,-0.33333333333333337,-0.8333333333333334,0.16666666666666652,-0.6931471805599454,-3.596842909197556,0.504708354931819,-1.5460672771328685,-2.0507756320646875,0.11962492423476376,0.0009339988970237755,-0.11869092533773998,0.11869092533773998
4,1,8,-0.33333333333333337,-0.8333333333333334,0.33333333333333326,-0.6931471805599454,-3.596842909197556,1.0397207708399177,-1.2785610691788192,-2.318281840018737,0.12045441538304374,0.0018210543741447064,-0.11863336100889904,0.11863336100889904
4,1,9,-0.33333333333333337,-0.8333333333333334,0.5,-0.6931471805599454,-3.596842909197556,1.6479184330021646,-0.9744622380976957,-2.6223806710998603,0.12407968053169077,0.0026152520220963293,-0.12146442850959445,0.12146442850959445
4,1,10,-0.33333333333333337,-0.8333333333333334,0.6666666666666665,-0.6931471805599454,-3.596842909197556,2.41415686865115,-0.5913430202732031,-3.005499888924353,0.16281226442249058,0.009672409371378816,-0.15313985505111177,0.15313985505111177
4,1,11,-0.33333333333333337,-0.8333333333333334,0.8333333333333333,-0.6931471805599454,-3.596842909197556,3.596842909197555,-4.440892098500626e-16,-3.5968429091975556,0.3285615516673871,0.09849622419897291,-0.23006532746841418,0.23006532746841418
4,2,1,-0.33333333333333337,-0.6666666666666667,-0.8333333333333334,-0.6931471805599454,-2.414156868651151,-3.596842909197556,-3.0054998889243536,0.5913430202732024,0.3341564584886369,0.09847532098928885,-0.23568113749934805,0.23568113749934805
4,2,2,-0.33333333333333337,-0.6666666666666667,-0.6666666666666667,-0.6931471805599454,-2.414156868651151,-2.414156868651151,-2.414156868651151,0.0,0.32856155166074624,0.09849622102476185,-0.2300653306359844,0.2300653306359844
4,2,3,-0.33333333333333337,-0.6666666666666667,-0.5,-0.6931471805599454,-2.414156868651151,-1.6479184330021646,-2.031037650826658,-0.3831192178244933,0.20863397948830995,0.016268630167395312,-0.19236534932091465,0.19236534932091465
4,2,4,-0.33333333333333337,-0.6666666666666667,-0.33333333333333337,-0.6931471805599454,-2.414156868651151,-1.039720770839918,-1.7269388197455346,-0.6872180489056166,0.1531195054596787,0.006696666947546658,-0.14642283851213203,0.14642283851213203
4,2,5,-0.33333333333333337,-0.6666666666666667,-0.16666666666666674,-0.6931471805599454,-2.414156868651151,-0.5047083549318196,-1.4594326117914855,-0.9547242568596658,0.12615775219083097,0.0027747625653284378,-0.12338298962550254,0.12338298962550254
4,2,6,-0.33333333333333337,-0.6666666666666667,0.0,-0.6931471805599454,-2.414156868651151,0.0,-1.2070784343255756,-1.2070784343255756,0.1215605501267216,0.0024215751285389005,-0.1191389749981827,0.1191389749981827
4,2,7,-0.33333333333333337,-0.6666666666666667,0.16666666666666652,-0.6931471805599454,-2.414156868651151,0.504708354931819,-0.9547242568596661,-1.459432611791485,0.12615775217710473,0.002761795522522711,-0.12339595665458201,0.12339595665458201
4,2,8,-0.33333333333333337,-0.6666666666666667,0.33333333333333326,-0.6931471805599454,-2.414156868651151,1.0397207708399177,-0.6872180489056168,-1.7269388197455344,0.15311950545466607,0.0066934407931174885,-0.1464260646615486,0.1464260646615486
4,2,9,-0.33333333333333337,-0.6666666666666667,0.5,-0.6931471805599454,-2.414156868651151,1.6479184330021646,-0.3831192178244933,-2.031037650826658,0.20863397950724175,0.01628215793678431,-0.19235182157045744,0.19235182157045744
4,2,10,-0.33333333333333337,-0.6666666666666667,0.6666666666666665,-0.6931471805599454,-2.414156868651151,2.41415686865115,-6.661338147750939e-16,-2.4141568686511503,0.32856155166724993,0.09849622418758427,-0.23006532747966565,0.23006532747966565
4,2,11,-0.33333333333333337,-0.6666666666666667,0.8333333333333333,-0.6931471805599454,-2.414156868651151,3.596842909197555,0.591343020273202,-3.005499888924353,0.3341564584848591,0.09710307346941255,-0.23705338501544654,0.23705338501544654
4,3,1,-0.33333333333333337,-0.5,-0.8333333333333334,-0.6931471805599454,-1.6479184330021646,-3.596842909197556,-2.6223806710998603,0.9744622380976957,0.33416042169450694,0.10489430140852174,-0.2292661202859852,0.2292661202859852
4,3,2,-0.33333333333333337,-0.5,-0.6666666666666667,-0.6931471805599454,-1.6479184330021646,-2.414156868651151,-2.031037650826658,0.3831192178244933,0.33284786028838254,0.11409884939630582,-0.2187490108920767,0.2187490108920767
4,3,3,-0.33333333333333337,-0.5,-0.5,-0.6931471805599454,-1.6479184330021646,-1.6479184330021646,-1.6479184330021646,0.0,0.3285615516585021,0.09849622084582216,-0.23006533081267994,0.23006533081267994
4,3,4,-0.33333333333333337,-0.5,-0.33333333333333337,-0.6931471805599454,-1.6479184330021646,-1.039720770839918,-1.3438196019210413,-0.30409883108112323,0.23337001607646773,0.023977580277317813,-0.20939243579914993,0.20939243579914993
4,3,5,-0.33333333333333337,-0.5,-0.16666666666666674,-0.6931471805599454,-1.6479184330021646,-0.5047083549318196,-1.0763133939669922,-0.5716050390351725,0.16494470651013254,0.010010757611632969,-0.15493394889849957,0.15493394889849957
4,3,6,-0.33333333333333337,-0.5,0.0,-0.6931471805599454,-1.6479184330021646,0.0,-0.8239592165010823,-0.8239592165010823,0.15309036771080375,0.006181585580645214,-0.14690878213015854,0.14690878213015854
4,3,7,-0.33333333333333337,-0.5,0.16666666666666652,-0.6931471805599454,-1.6479184330021646,0.504708354931819,-0.5716050390351728,-1.0763133939669918,0.16494470648104265,0.01000213538968647,-0.15494257109135617,0.15494257109135617
4,3,8,-0.33333333333333337,-0.5,0.33333333333333326,-0.6931471805599454,-1.6479184330021646,1.0397207708399177,-0.30409883108112346,-1.343819601921041,0.23337001605875815,0.023976624843305518,-0.20939339121545264,0.20939339121545264
4,3,9,-0.33333333333333337,-0.5,0.5,-0.6931471805599454,-1.6479184330021646,1.6479184330021646,0.0,-1.6479184330021646,0.3285615516537472,0.09849622315976517,-0.230065328493982,0.230065328493982
4,3,10,-0.33333333333333337,-0.5,0.6666666666666665,-0.6931471805599454,-1.6479184330021646,2.41415686865115,0.38311921782449265,-2.031037650826657,0.3328478603036735,0.11409892877098321,-0.21874893153269032,0.21874893153269032
4,3,11,-0.33333333333333337,-0.5,0.8333333333333333,-0.6931471805599454,-1.6479184330021646,3.596842909197555,0.9744622380976953,-2.62238067109986,0.3341604216829588,0.09943975020465537,-0.23472067147830342,0.23472067147830342
4,4,1,-0.33333333333333337,-0.33333333333333337,-0.8333333333333334,-0.6931471805599454,-1.039720770839918,-3.596842909197556,-2.318281840018737,1.278561069178819,0.33416068608316846,0.20279052090036476,-0.1313701651828037,0.1313701651828037
4,4,2,-0.33333333333333337,-0.33333333333333337,-0.6666666666666667,-0.6931471805599454,-1.039720770839918,-2.414156868651151,-1.7269388197455346,0.6872180489056166,0.33415745028058935,0.09729613883294128,-0.23686131144764808,0.23686131144764808
4,4,3,-0.33333333333333337,-0.33333333333333337,-0.5,-0.6931471805599454,-1.039720770839918,-1.6479184330021646,-1.3438196019210413,0.30409883108112323,0.3319638118385351,0.16110105364047406,-0.17086275819806107,0.17086275819806107
4,4,4,-0.33333333333333337,-0.33333333333333337,-0.33333333333333337,-0.6931471805599454,-1.039720770839918,-1.039720770839918,-1.039720770839918,0.0,0.32856162578367865,0.09850419937593807,-0.23005742640774057,0.23005742640774057
4,4,5,-0.33333333333333337,-0.33333333333333337,-0.16666666666666674,-0.6931471805599454,-1.039720770839918,-0.5047083549318196,-0.7722145628858689,-0.2675062079540492,0.2486208527335359,0.027358118183587583,-0.22126273454994833,0.22126273454994833
4,4,6,-0.33333333333333337,-0.33333333333333337,0.0,-0.6931471805599454,-1.039720770839918,0.0,-0.519860385419959,-0.519860385419959,0.1853111636670999,0.018309285043835777,-0.16700187862326413,0.16700187862326413
4,4,7,-0.33333333333333337,-0.33333333333333337,0.16666666666666652,-0.6931471805599454,-1.039720770839918,0.504708354931819,-0.26750620795404956,-0.7722145628858685,0.24862085272621023,0.027365255562323658,-0.22125559716388657,0.22125559716388657
4,4,8,-0.33333333333333337,-0.33333333333333337,0.33333333333333326,-0.6931471805599454,-1.039720770839918,1.0397207708399177,-2.220446049250313e-16,-1.0397207708399179,0.3285616257933739,0.09850312628734051,-0.23005849950603338,0.23005849950603338
4,4,9,-0.33333333333333337,-0.33333333333333337,0.5,-0.6931471805599454,-1.039720770839918,1.6479184330021646,0.30409883108112323,-1.3438196019210413,0.33196381182123713,0.16110105339217795,-0.17086275842905918,0.17086275842905918
4,4,10,-0.33333333333333337,-0.33333333333333337,0.6666666666666665,-0.6931471805599454,-1.039720770839918,2.41415686865115,0.6872180489056159,-1.726938819745534,0.3341574502713631,0.09768099154200852,-0.2364764587293546,0.2364764587293546
4,4,11,-0.33333333333333337,-0.33333333333333337,0.8333333333333333,-0.6931471805599454,-1.039720770839918,3.596842909197555,1.2785610691788185,-2.3182818400187366,0.33416068607016314,0.1967670937209393,-0.13739359234922383,0.13739359234922383
4,5,1,-0.33333333333333337,-0.16666666666666674,-0.8333333333333334,-0.6931471805599454,-0.5047083549318196,-3.596842909197556,-2.050775632064688,1.546067277132868,0.3341606862555092,0.23623346147477214,-0.09792722478073707,0.09792722478073707
4,5,2,-0.33333333333333337,-0.16666666666666674,-0.6666666666666667,-0.6931471805599454,-0.5047083549318196,-2.414156868651151,-1.4594326117914855,0.9547242568596658,0.33416022424213443,0.10289801597167667,-0.23126220827045776,0.23126220827045776
4,5,3,-0.33333333333333337,-0.16666666666666674,-0.5,-0.6931471805599454,-0.5047083549318196,-1.6479184330021646,-1.0763133939669922,0.5716050390351725,0.3341563245472351,0.09784431852416048,-0.23631200602307462,0.23631200602307462
4,5,4,-0.33333333333333337,-0.16666666666666674,-0.33333333333333337,-0.6931471805599454,-0.5047083549318196,-1.039720770839918,-0.7722145628858689,0.2675062079540492,0.3321420753807369,0.14184144679291438,-0.19030062858782254,0.19030062858782254
4,5,5,-0.33333333333333337,-0.16666666666666674,-0.16666666666666674,-0.6931471805599454,-0.5047083549318196,-0.5047083549318196,-0.5047083549318196,0.0,0.3298219304177139,0.16440896031600954,-0.16541297010170436,0.16541297010170436
4,5,6,-0.33333333333333337,-0.16666666666666674,0.0,-0.6931471805599454,-0.5047083549318196,0.0,-0.2523541774659098,-0.2523541774659098,0.32599226583438884,0.08143498344806549,-0.24455728238632335,0.24455728238632335
4,5,7,-0.33333333333333337,-0.16666666666666674,0.16666666666666652,-0.6931471805599454,-0.5047083549318196,0.504708354931819,-3.3306690738754696e-16,-0.5047083549318193,0.3298219304182272,0.1609232047764872,-0.16889872564174002,0.16889872564174002
4,5,8,-0.33333333333333337,-0.16666666666666674,0.33333333333333326,-0.6931471805599454,-0.5047083549318196,1.0397207708399177,0.267506207954049,-0.7722145628858686,0.332142075386615,0.14185727614972454,-0.19028479923689046,0.19028479923689046
4,5,9,-0.33333333333333337,-0.16666666666666674,0.5,-0.6931471805599454,-0.5047083549318196,1.6479184330021646,0.5716050390351725,-1.0763133939669922,0.334156324549531,0.09728642365733298,-0.236869900892198,0.236869900892198
4,5,10,-0.33333333333333337,-0.16666666666666674,0.6666666666666665,-0.6931471805599454,-0.5047083549318196,2.41415686865115,0.9547242568596651,-1.4594326117914846,0.33416022424488423,0.09889334190406238,-0.23526688234082185,0.23526688234082185
4,5,11,-0.33333333333333337,-0.16666666666666674,0.8333333333333333,-0.6931471805599454,-0.5047083549318196,3.596842909197555,1.5460672771328676,-2.0507756320646875,0.3341606862370352,0.22753584437583885,-0.10662484186119636,0.10662484186119636
4,6,1,-0.33333333333333337,0.0,-0.8333333333333334,-0.6931471805599454,0.0,-3.596842909197556,-1.798421454598778,1.798421454598778,0.33416068624547424,0.3233548726116493,-0.010805813633824934,0.010805813633824934
4,6,2,-0.33333333333333337,0.0,-0.6666666666666667,-0.6931471805599454,0.0,-2.414156868651151,-1.2070784343255756,1.2070784343255756,0.33416073458577306,0.19978346618370774,-0.13437726840206532,0.13437726840206532
4,6,3,-0.33333333333333337,0.0,-0.5,-0.6931471805599454,0.0,-1.6479184330021646,-0.8239592165010823,0.8239592165010823,0.3346184336320533,0.1219836497778464,-0.2126347838542069,0.2126347838542069
4,6,4,-0.33333333333333337,0.0,-0.33333333333333337,-0.6931471805599454,0.0,-1.039720770839918,-0.519860385419959,0.519860385419959,0.33540902254596106,0.1181759271002138,-0.21723309544574726,0.21723309544574726
4,6,5,-0.33333333333333337,0.0,-0.16666666666666674,-0.6931471805599454,0.0,-0.5047083549318196,-0.2523541774659098,0.2523541774659098,0.40646816645467154,0.24918170026533987,-0.15728646618933168,0.15728646618933168
4,6,6,-0.33333333333333337,0.0,0.0,-0.6931471805599454,0.0,0.0,0.0,0.0,0.4629935527429575,0.3101202882994639,-0.15287326444349358,0.15287326444349358
4,6,7,-0.33333333333333337,0.0,0.16666666666666652,-0.6931471805599454,0.0,0.504708354931819,0.2523541774659095,-0.2523541774659095,0.40646816646084705,0.2491654736217665,-0.15730269283908055,0.15730269283908055
4,6,8,-0.33333333333333337,0.0,0.33333333333333326,-0.6931471805599454,0.0,1.0397207708399177,0.5198603854199588,-0.5198603854199588,0.33540902254958077,0.11346655368734263,-0.22194246886223815,0.22194246886223815
4,6,9,-0.33333333333333337,0.0,0.5,-0.6931471805599454,0.0,1.6479184330021646,0.8239592165010823,-0.8239592165010823,0.33461843364528615,0.10864605143561404,-0.2259723822096721,0.2259723822096721
4,6,10,-0.33333333333333337,0.0,0.6666666666666665,-0.6931471805599454,0.0,2.41415686865115,1.207078434325575,-1.207078434325575,0.33416073459265133,0.15240554274165496,-0.18175519185099637,0.18175519185099637
4,6,11,-0.33333333333333337,0.0,0.8333333333333333,-0.6931471805599454,0.0,3.596842909197555,1.7984214545987776,-1.7984214545987776,0.33416068625001805,0.3331222173498515,-0.001038468900166567,0.001038468900166567
4,7,1,-0.33333333333333337,0.16666666666666652,-0.8333333333333334,-0.6931471805599454,0.504708354931819,-3.596842909197556,-1.5460672771328685,2.0507756320646875,0.33416068625144546,0.3333003200596122,-0.0008603661918332728,0.0008603661918332728
4,7,2,-0.33333333333333337,0.16666666666666652,-0.6666666666666667,-0.6931471805599454,0.504708354931819,-2.414156868651151,-0.9547242568596661,1.459432611791485,0.33427894364269206,0.2321278316624648,-0.10215111198022725,0.10215111198022725
4,7,3,-0.33333333333333337,0.16666666666666652,-0.5,-0.6931471805599454,0.504708354931819,-1.6479184330021646,-0.5716050390351728,1.0763133939669918,0.3352789255330188,0.17682976593362393,-0.15844915959939487,0.15844915959939487
4,7,4,-0.33333333333333337,0.16666666666666652,-0.33333333333333337,-0.6931471805599454,0.504708354931819,-1.039720770839918,-0.26750620795404956,0.7722145628858685,0.4119729667645558,0.318009423367978,-0.09396354339657781,0.09396354339657781
4,7,5,-0.33333333333333337,0.16666666666666652,-0.16666666666666674,-0.6931471805599454,0.504708354931819,-0.5047083549318196,-3.3306690738754696e-16,0.5047083549318193,0.49998947200026367,0.4839049406018182,-0.016084531398445456,0.016084531398445456
4,7,6,-0.33333333333333337,0.16666666666666652,0.0,-0.6931471805599454,0.504708354931819,0.0,0.2523541774659095,0.2523541774659095,0.5327033374351215,0.5079308065047872,-0.02477253093033438,0.02477253093033438
4,7,7,-0.33333333333333337,0.16666666666666652,0.16666666666666652,-0.6931471805599454,0.504708354931819,0.504708354931819,0.504708354931819,0.0,0.4999894720212972,0.4686742706392386,-0.031315201382058566,0.031315201382058566
4,7,8,-0.33333333333333337,0.16666666666666652,0.33333333333333326,-0.6931471805599454,0.504708354931819,1.0397207708399177,0.7722145628858683,-0.26750620795404934,0.4119729667736323,0.31738409106008814,-0.09458887571354418,0.09458887571354418
4,7,9,-0.33333333333333337,0.16666666666666652,0.5,-0.6931471805599454,0.504708354931819,1.6479184330021646,1.0763133939669918,-0.5716050390351728,0.3352789255448746,0.1398088961794598,-0.1954700293654148,0.1954700293654148
4,7,10,-0.33333333333333337,0.16666666666666652,0.6666666666666665,-0.6931471805599454,0.504708354931819,2.41415686865115,1.4594326117914844,-0.9547242568596654,0.33427894363805666,0.24221767960337237,-0.09206126403468429,0.09206126403468429
4,7,11,-0.33333333333333337,0.16666666666666652,0.8333333333333333,-0.6931471805599454,0.504708354931819,3.596842909197555,2.050775632064687,-1.546067277132868,0.33416068625379336,0.33333339317606214,-0.0008272930777312171,0.0008272930777312171
4,8,1,-0.33333333333333337,0.33333333333333326,-0.8333333333333334,-0.6931471805599454,1.0397207708399177,-3.596842909197556,-1.2785610691788192,2.318281840018737,0.33416072295638444,0.33315522368610695,-0.0010054992702774879,0.0010054992702774879
4,8,2,-0.33333333333333337,0.33333333333333326,-0.6666666666666667,-0.6931471805599454,1.0397207708399177,-2.414156868651151,-0.6872180489056168,1.7269388197455344,0.3349771635276688,0.25571120629283317,-0.07926595723483565,0.07926595723483565
4,8,3,-0.33333333333333337,0.33333333333333326,-0.5,-0.6931471805599454,1.0397207708399177,-1.6479184330021646,-0.30409883108112346,1.343819601921041,0.39993741541743766,0.3547121703144497,-0.045225245102987977,0.045225245102987977
4,8,4,-0.33333333333333337,0.33333333333333326,-0.33333333333333337,-0.6931471805599454,1.0397207708399177,-1.039720770839918,-2.220446049250313e-16,1.0397207708399179,0.5000171439357444,0.5104562120175384,0.010439068081794067,0.010439068081794067
4,8,5,-0.33333333333333337,0.33333333333333326,-0.16666666666666674,-0.6931471805599454,1.0397207708399177,-0.5047083549318196,0.267506207954049,0.7722145628858686,0.5881397054212602,0.6973661600260004,0.10922645460474023,0.10922645460474023
4,8,6,-0.33333333333333337,0.33333333333333326,0.0,-0.6931471805599454,1.0397207708399177,0.0,0.5198603854199588,0.5198603854199588,0.6641452907035841,0.8808183659835236,0.2166730752799395,0.2166730752799395
4,8,7,-0.33333333333333337,0.33333333333333326,0.16666666666666652,-0.6931471805599454,1.0397207708399177,0.504708354931819,0.7722145628858683,0.26750620795404934,0.588139705422756,0.6869434935036671,0.09880378808091117,0.09880378808091117
4,8,8,-0.33333333333333337,0.33333333333333326,0.33333333333333326,-0.6931471805599454,1.0397207708399177,1.0397207708399177,1.0397207708399177,0.0,0.500017143939393,0.4914008789333538,-0.008616265006039181,0.008616265006039181
4,8,9,-0.33333333333333337,0.33333333333333326,0.5,-0.6931471805599454,1.0397207708399177,1.6479184330021646,1.343819601921041,-0.30409883108112346,0.3999374154339181,0.3487795439526409,-0.051157871481277206,0.051157871481277206
4,8,10,-0.33333333333333337,0.33333333333333326,0.6666666666666665,-0.6931471805599454,1.0397207708399177,2.41415686865115,1.7269388197455338,-0.6872180489056161,0.33497716352276496,0.2695008363705802,-0.06547632715218477,0.06547632715218477
4,8,11,-0.33333333333333337,0.33333333333333326,0.8333333333333333,-0.6931471805599454,1.0397207708399177,3.596842909197555,2.318281840018736,-1.2785610691788187,0.334160722951295,0.33333346284288345,-0.0008272601084115538,0.0008272601084115538
4,9,1,-0.33333333333333337,0.5,-0.8333333333333334,-0.6931471805599454,1.6479184330021646,-3.596842909197556,-0.9744622380976957,2.6223806710998603,0.3342274254342302,0.33333344388821673,-0.0008939815460134448,0.0008939815460134448
4,9,2,-0.33333333333333337,0.5,-0.6666666666666667,-0.6931471805599454,1.6479184330021646,-2.414156868651151,-0.3831192178244933,2.031037650826658,0.3739315973865672,0.3342948786462171,-0.03963671874035013,0.03963671874035013
4,9,3,-0.33333333333333337,0.5,-0.5,-0.6931471805599454,1.6479184330021646,-1.6479184330021646,0.0,1.6479184330021646,0.5000171456961896,0.5104600132766399,0.010442867580450321,0.010442867580450321
4,9,4,-0.33333333333333337,0.5,-0.33333333333333337,-0.6931471805599454,1.6479184330021646,-1.039720770839918,0.30409883108112323,1.3438196019210413,0.6005550140786344,0.7265428248859416,0.12598781080730714,0.12598781080730714
4,9,5,-0.33333333333333337,0.5,-0.16666666666666674,-0.6931471805599454,1.6479184330021646,-0.5047083549318196,0.5716050390351725,1.0763133939669922,0.6655147434219864,0.8658717677648942,0.2003570243429078,0.2003570243429078
4,9,6,-0.33333333333333337,0.5,0.0,-0.6931471805599454,1.6479184330021646,0.0,0.8239592165010823,0.8239592165010823,0.6657291414284039,0.8945498852720983,0.22882074384369444,0.22882074384369444
4,9,7,-0.33333333333333337,0.5,0.16666666666666652,-0.6931471805599454,1.6479184330021646,0.504708354931819,1.0763133939669918,0.5716050390351728,0.6655147434182387,0.8803854725239424,0.2148707291057037,0.2148707291057037
4,9,8,-0.33333333333333337,0.5,0.33333333333333326,-0.6931471805599454,1.6479184330021646,1.0397207708399177,1.343819601921041,0.30409883108112346,0.6005550141025949,0.7096878046385904,0.10913279053599545,0.10913279053599545
4,9,9,-0.33333333333333337,0.5,0.5,-0.6931471805599454,1.6479184330021646,1.6479184330021646,1.6479184330021646,0.0,0.500017145722792,0.4914032851883444,-0.00861386053444757,0.00861386053444757
4,9,10,-0.33333333333333337,0.5,0.6666666666666665,-0.6931471805599454,1.6479184330021646,2.41415686865115,2.031037650826657,-0.38311921782449265,0.3739315973734322,0.334086339268166,-0.03984525810526618,0.03984525810526618
4,9,11,-0.33333333333333337,0.5,0.8333333333333333,-0.6931471805599454,1.6479184330021646,3.596842909197555,2.62238067109986,-0.9744622380976953,0.3342274254265628,0.3333334523466286,-0.0008939730799342183,0.0008939730799342183
4,10,1,-0.33333333333333337,0.6666666666666665,-0.8333333333333334,-0.6931471805599454,2.41415686865115,-3.596842909197556,-0.5913430202732031,3.005499888924353,0.33522740761547004,0.333333670216831,-0.0018937373986390171,0.0018937373986390171
4,10,2,-0.33333333333333337,0.6666666666666665,-0.6666666666666667,-0.6931471805599454,2.41415686865115,-2.414156868651151,-6.661338147750939e-16,2.4141568686511503,0.5000171457226381,0.5104600135658963,0.010442867843258208,0.010442867843258208
4,10,3,-0.33333333333333337,0.6666666666666665,-0.5,-0.6931471805599454,2.41415686865115,-1.6479184330021646,0.38311921782449265,2.031037650826657,0.6266798999118773,0.780090776289547,0.1534108763776697,0.1534108763776697
4,10,4,-0.33333333333333337,0.6666666666666665,-0.33333333333333337,-0.6931471805599454,2.41415686865115,-1.039720770839918,0.6872180489056159,1.726938819745534,0.6658265035444748,0.8916658725326474,0.22583936898817258,0.22583936898817258
4,10,5,-0.33333333333333337,0.6666666666666665,-0.16666666666666674,-0.6931471805599454,2.41415686865115,-0.5047083549318196,0.9547242568596651,1.4594326117914846,0.6665476890460036,0.8916351809055243,0.2250874918595207,0.2250874918595207
4,10,6,-0.33333333333333337,0.6666666666666665,0.0,-0.6931471805599454,2.41415686865115,0.0,1.207078434325575,1.207078434325575,0.6666697439283542,0.8914128324017347,0.22474308847338054,0.22474308847338054
4,10,7,-0.33333333333333337,0.6666666666666665,0.16666666666666652,-0.6931471805599454,2.41415686865115,0.504708354931819,1.4594326117914844,0.9547242568596654,0.6665476890429225,0.891644312692508,0.2250966236495855,0.2250966236495855
4,10,8,-0.33333333333333337,0.6666666666666665,0.33333333333333326,-0.6931471805599454,2.41415686865115,1.0397207708399177,1.7269388197455338,0.6872180489056161,0.6658265035462902,0.8901884440677517,0.2243619405214614,0.2243619405214614
4,10,9,-0.33333333333333337,0.6666666666666665,0.5,-0.6931471805599454,2.41415686865115,1.6479184330021646,2.031037650826657,0.38311921782449265,0.6266798999011831,0.7833296776859822,0.15664977778479905,0.15664977778479905
4,10,10,-0.33333333333333337,0.6666666666666665,0.6666666666666665,-0.6931471805599454,2.41415686865115,2.41415686865115,2.41415686865115,0.0,0.5000171456845984,0.49140328491717533,-0.008613860767423098,0.008613860767423098
4,10,11,-0.33333333333333337,0.6666666666666665,0.8333333333333333,-0.6931471805599454,2.41415686865115,3.596842909197555,3.0054998889243523,-0.5913430202732026,0.3352274076128107,0.3333337699764799,-0.001893637636330825,0.001893637636330825
4,11,1,-0.33333333333333337,0.8333333333333333,-0.8333333333333334,-0.6931471805599454,3.596842909197555,-3.596842909197556,-4.440892098500626e-16,3.5968429091975556,0.500017145729811,0.5104600136376489,0.010442867907837883,0.010442867907837883
4,11,2,-0.33333333333333337,0.8333333333333333,-0.6666666666666667,-0.6931471805599454,3.596842909197555,-2.414156868651151,0.591343020273202,3.005499888924353,0.6655680260225028,0.8563986544927009,0.19083062847019816,0.19083062847019816
4,11,3,-0.33333333333333337,0.8333333333333333,-0.5,-0.6931471805599454,3.596842909197555,-1.6479184330021646,0.9744622380976953,2.62238067109986,0.6666009092679113,0.8916968895381185,0.22509598027020727,0.22509598027020727
4,11,4,-0.33333333333333337,0.8333333333333333,-0.33333333333333337,-0.6931471805599454,3.596842909197555,-1.039720770839918,1.2785610691788185,2.3182818400187366,0.6666698063738881,0.8914302600928068,0.22476045371891873,0.22476045371891873
4,11,5,-0.33333333333333337,0.8333333333333333,-0.16666666666666674,-0.6931471805599454,3.596842909197555,-0.5047083549318196,1.5460672771328676,2.0507756320646875,0.6666698442883926,0.8914301679597698,0.22476032367137722,0.22476032367137722
4,11,6,-0.33333333333333337,0.8333333333333333,0.0,-0.6931471805599454,3.596842909197555,0.0,1.7984214545987776,1.7984214545987776,0.6666698442940806,0.8914301681586143,0.2247603238645337,0.2247603238645337
4,11,7,-0.33333333333333337,0.8333333333333333,0.16666666666666652,-0.6931471805599454,3.596842909197555,0.504708354931819,2.050775632064687,1.546067277132868,0.6666698442883846,0.8914301677018315,0.22476032341344687,0.22476032341344687
4,11,8,-0.33333333333333337,0.8333333333333333,0.33333333333333326,-0.6931471805599454,3.596842909197555,1.0397207708399177,2.318281840018736,1.2785610691788187,0.6666698063689642,0.8914302783670693,0.22476047199810512,0.22476047199810512
4,11,9,-0.33333333333333337,0.8333333333333333,0.5,-0.6931471805599454,3.596842909197555,1.6479184330021646,2.62238067109986,0.9744622380976953,0.6666009092617833,0.8916984348465256,0.22509752558474228,0.22509752558474228
4,11,10,-0.33333333333333337,0.8333333333333333,0.6666666666666665,-0.6931471805599454,3.596842909197555,2.41415686865115,3.0054998889243523,0.5913430202732026,0.6655680260168458,0.8519688368684406,0.18640081085159477,0.18640081085159477
4,11,11,-0.33333333333333337,0.8333333333333333,0.8333333333333333,-0.6931471805599454,3.596842909197555,3.596842909197555,3.596842909197555,0.0,0.5000171457208671,0.49140328518559584,-0.008613860535271245,0.008613860535271245
5,1,1,-0.16666666666666674,-0.8333333333333334,-0.8333333333333334,-0.33647223662121306,-3.596842909197556,-3.596842909197556,-3.596842909197556,0.0,0.37286382955227915,0.0848819978946469,-0.28798183165763225,0.28798183165763225
5,1,2,-0.16666666666666674,-0.8333333333333334,-0.6666666666666667,-0.33647223662121306,-3.596842909197556,-2.414156868651151,-3.0054998889243536,-0.5913430202732024,0.2260743101944726,0.021832915753502907,-0.2042413944409697,0.2042413944409697
5,1,3,-0.16666666666666674,-0.8333333333333334,-0.5,-0.33647223662121306,-3.596842909197556,-1.6479184330021646,-2.6223806710998603,-0.9744622380976957,0.21539236303110315,0.011533055320059993,-0.20385930771104316,0.20385930771104316
5,1,4,-0.16666666666666674,-0.8333333333333334,-0.33333333333333337,-0.33647223662121306,-3.596842909197556,-1.039720770839918,-2.318281840018737,-1.278561069178819,0.21467921814079727,0.006911116702001044,-0.20776810143879623,0.20776810143879623
5,1,5,-0.16666666666666674,-0.8333333333333334,-0.16666666666666674,-0.33647223662121306,-3.596842909197556,-0.5047083549318196,-2.050775632064688,-1.546067277132868,0.21467833320629498,0.0067780071923679314,-0.20790032601392705,0.20790032601392705
5,1,6,-0.16666666666666674,-0.8333333333333334,0.0,-0.33647223662121306,-3.596842909197556,0.0,-1.798421454598778,-1.798421454598778,0.21467833320087817,0.006776529291099367,-0.2079018039097788,0.2079018039097788
5,1,7,-0.16666666666666674,-0.8333333333333334,0.16666666666666652,-0.33647223662121306,-3.596842909197556,0.504708354931819,-1.5460672771328685,-2.0507756320646875,0.21467833320901294,0.006777942707989626,-0.20790039050102332,0.20790039050102332
5,1,8,-0.16666666666666674,-0.8333333333333334,0.33333333333333326,-0.33647223662121306,-3.596842909197556,1.0397207708399177,-1.2785610691788192,-2.318281840018737,0.214679218164529,0.006924616665722798,-0.2077546014988062,0.2077546014988062
5,1,9,-0.16666666666666674,-0.8333333333333334,0.5,-0.33647223662121306,-3.596842909197556,1.6479184330021646,-0.9744622380976957,-2.6223806710998603,0.21539236306053888,0.011555318766015843,-0.20383704429452304,0.20383704429452304
5,1,10,-0.16666666666666674,-0.8333333333333334,0.6666666666666665,-0.33647223662121306,-3.596842909197556,2.41415686865115,-0.5913430202732031,-3.005499888924353,0.2260743102056455,0.02178696817310387,-0.20428734203254162,0.20428734203254162
5,1,11,-0.16666666666666674,-0.8333333333333334,0.8333333333333333,-0.33647223662121306,-3.596842909197556,3.596842909197555,-4.440892098500626e-16,-3.5968429091975556,0.3728638295669485,0.08493979862511558,-0.28792403094183294,0.28792403094183294
5,2,1,-0.16666666666666674,-0.6666666666666667,-0.8333333333333334,-0.33647223662121306,-2.414156868651151,-3.596842909197556,-3.0054998889243536,0.5913430202732024,0.3887394547142012,0.2347990778895903,-0.15394037682461087,0.15394037682461087
5,2,2,-0.16666666666666674,-0.6666666666666667,-0.6666666666666667,-0.33647223662121306,-2.414156868651151,-2.414156868651151,-2.414156868651151,0.0,0.3728638295590237,0.08488199789887457,-0.2879818316601491,0.2879818316601491
5,2,3,-0.16666666666666674,-0.6666666666666667,-0.5,-0.33647223662121306,-2.414156868651151,-1.6479184330021646,-2.031037650826658,-0.3831192178244933,0.2623395005167752,0.040503785957826235,-0.22183571455894896,0.22183571455894896
5,2,4,-0.16666666666666674,-0.6666666666666667,-0.33333333333333337,-0.33647223662121306,-2.414156868651151,-1.039720770839918,-1.7269388197455346,-0.6872180489056166,0.22340116844881716,0.020381359864378425,-0.20301980858443874,0.20301980858443874
5,2,5,-0.16666666666666674,-0.6666666666666667,-0.16666666666666674,-0.33647223662121306,-2.414156868651151,-0.5047083549318196,-1.4594326117914855,-0.9547242568596658,0.21594284028345992,0.012221760128744315,-0.2037210801547156,0.2037210801547156
5,2,6,-0.16666666666666674,-0.6666666666666667,0.0,-0.33647223662121306,-2.414156868651151,0.0,-1.2070784343255756,-1.2070784343255756,0.21468067430732507,0.007043678546982898,-0.20763699576034217,0.20763699576034217
5,2,7,-0.16666666666666674,-0.6666666666666667,0.16666666666666652,-0.33647223662121306,-2.414156868651151,0.504708354931819,-0.9547242568596661,-1.459432611791485,0.21594284029107713,0.012239433992781542,-0.2037034062982956,0.2037034062982956
5,2,8,-0.16666666666666674,-0.6666666666666667,0.33333333333333326,-0.33647223662121306,-2.414156868651151,1.0397207708399177,-0.6872180489056168,-1.7269388197455344,0.2234011684551098,0.020349722971826203,-0.20305144548328358,0.20305144548328358
5,2,9,-0.16666666666666674,-0.6666666666666667,0.5,-0.33647223662121306,-2.414156868651151,1.6479184330021646,-0.3831192178244933,-2.031037650826658,0.2623395005293016,0.04047016320625463,-0.22186933732304698,0.22186933732304698
5,2,10,-0.16666666666666674,-0.6666666666666667,0.6666666666666665,-0.33647223662121306,-2.414156868651151,2.41415686865115,-6.661338147750939e-16,-2.4141568686511503,0.3728638295586252,0.08493979861991224,-0.28792403093871294,0.28792403093871294
5,2,11,-0.16666666666666674,-0.6666666666666667,0.8333333333333333,-0.33647223662121306,-2.414156868651151,3.596842909197555,0.591343020273202,-3.005499888924353,0.3887394546939736,0.23415007686598166,-0.15458937782799193,0.15458937782799193
5,3,1,-0.16666666666666674,-0.5,-0.8333333333333334,-0.33647223662121306,-1.6479184330021646,-3.596842909197556,-2.6223806710998603,0.9744622380976957,0.38874912067391393,0.3245967734809577,-0.0641523471929562,0.0641523471929562
5,3,2,-0.16666666666666674,-0.5,-0.6666666666666667,-0.33647223662121306,-1.6479184330021646,-2.414156868651151,-2.031037650826658,0.3831192178244933,0.3850265778915932,0.18504884483540468,-0.19997773305618854,0.19997773305618854
5,3,3,-0.16666666666666674,-0.5,-0.5,-0.33647223662121306,-1.6479184330021646,-1.6479184330021646,-1.6479184330021646,0.0,0.3728638295539014,0.08488260531833466,-0.2879812242355667,0.2879812242355667
5,3,4,-0.16666666666666674,-0.5,-0.33333333333333337,-0.33647223662121306,-1.6479184330021646,-1.039720770839918,-1.3438196019210413,-0.30409883108112323,0.2851358651630975,0.05064360172299072,-0.23449226344010682,0.23449226344010682
5,3,5,-0.16666666666666674,-0.5,-0.16666666666666674,-0.33647223662121306,-1.6479184330021646,-0.5047083549318196,-1.0763133939669922,-0.5716050390351725,0.22662535285299434,0.02301578227543751,-0.20360957057755683,0.20360957057755683
5,3,6,-0.16666666666666674,-0.5,0.0,-0.33647223662121306,-1.6479184330021646,0.0,-0.8239592165010823,-0.8239592165010823,0.2237328634716977,0.019276247700534876,-0.20445661577116284,0.20445661577116284
5,3,7,-0.16666666666666674,-0.5,0.16666666666666652,-0.33647223662121306,-1.6479184330021646,0.504708354931819,-0.5716050390351728,-1.0763133939669918,0.22662535284512036,0.022970534193984544,-0.20365481865113583,0.20365481865113583
5,3,8,-0.16666666666666674,-0.5,0.33333333333333326,-0.33647223662121306,-1.6479184330021646,1.0397207708399177,-0.30409883108112346,-1.343819601921041,0.28513586515934075,0.05068053644248466,-0.2344553287168561,0.2344553287168561
5,3,9,-0.16666666666666674,-0.5,0.5,-0.33647223662121306,-1.6479184330021646,1.6479184330021646,0.0,-1.6479184330021646,0.3728638295561619,0.0849402734071057,-0.2879235561490562,0.2879235561490562
5,3,10,-0.16666666666666674,-0.5,0.6666666666666665,-0.33647223662121306,-1.6479184330021646,2.41415686865115,0.38311921782449265,-2.031037650826657,0.3850265778950009,0.1847672400384222,-0.20025933785657868,0.20025933785657868
5,3,11,-0.16666666666666674,-0.5,0.8333333333333333,-0.33647223662121306,-1.6479184330021646,3.596842909197555,0.9744622380976953,-2.62238067109986,0.38874912067152084,0.3276545606476916,-0.061094560023829236,0.061094560023829236
5,4,1,-0.16666666666666674,-0.33333333333333337,-0.8333333333333334,-0.33647223662121306,-1.039720770839918,-3.596842909197556,-2.318281840018737,1.278561069178819,0.3887497654856417,0.33643258470585413,-0.052317180779787587,0.052317180779787587
5,4,2,-0.16666666666666674,-0.33333333333333337,-0.6666666666666667,-0.33647223662121306,-1.039720770839918,-2.414156868651151,-1.7269388197455346,0.6872180489056166,0.388741873601126,0.2516210564333239,-0.1371208171678021,0.1371208171678021
5,4,3,-0.16666666666666674,-0.33333333333333337,-0.5,-0.33647223662121306,-1.039720770839918,-1.6479184330021646,-1.3438196019210413,0.30409883108112323,0.3825179631119094,0.15198605610756333,-0.23053190700434606,0.23053190700434606
5,4,4,-0.16666666666666674,-0.33333333333333337,-0.33333333333333337,-0.33647223662121306,-1.039720770839918,-1.039720770839918,-1.039720770839918,0.0,0.37286387901701384,0.09890558189758997,-0.2739582971194239,0.2739582971194239
5,4,5,-0.16666666666666674,-0.33333333333333337,-0.16666666666666674,-0.33647223662121306,-1.039720770839918,-0.5047083549318196,-0.7722145628858689,-0.2675062079540492,0.2977654552210749,0.05518031978895796,-0.24258513543211693,0.24258513543211693
5,4,6,-0.16666666666666674,-0.33333333333333337,0.0,-0.33647223662121306,-1.039720770839918,0.0,-0.519860385419959,-0.519860385419959,0.23576237154801868,0.0296132699136768,-0.20614910163434189,0.20614910163434189
5,4,7,-0.16666666666666674,-0.33333333333333337,0.16666666666666652,-0.33647223662121306,-1.039720770839918,0.504708354931819,-0.26750620795404956,-0.7722145628858685,0.2977654552236029,0.055358174681144665,-0.24240728054245825,0.24240728054245825
5,4,8,-0.16666666666666674,-0.33333333333333337,0.33333333333333326,-0.33647223662121306,-1.039720770839918,1.0397207708399177,-2.220446049250313e-16,-1.0397207708399179,0.3728638790409913,0.10957272239310278,-0.2632911566478885,0.2632911566478885
5,4,9,-0.16666666666666674,-0.33333333333333337,0.5,-0.33647223662121306,-1.039720770839918,1.6479184330021646,0.30409883108112323,-1.3438196019210413,0.38251796310154,0.1518078991215629,-0.23071006397997712,0.23071006397997712
5,4,10,-0.16666666666666674,-0.33333333333333337,0.6666666666666665,-0.33647223662121306,-1.039720770839918,2.41415686865115,0.6872180489056159,-1.726938819745534,0.38874187359210216,0.2512825022553479,-0.1374593713367543,0.1374593713367543
5,4,11,-0.16666666666666674,-0.33333333333333337,0.8333333333333333,-0.33647223662121306,-1.039720770839918,3.596842909197555,1.2785610691788185,-2.3182818400187366,0.38874976547486745,0.3364089467167768,-0.05234081875809066,0.05234081875809066
5,5,1,-0.16666666666666674,-0.16666666666666674,-0.8333333333333334,-0.33647223662121306,-0.5047083549318196,-3.596842909197556,-2.050775632064688,1.546067277132868,0.38874976589451227,0.3365660285370553,-0.05218373735745696,0.05218373735745696
5,5,2,-0.16666666666666674,-0.16666666666666674,-0.6666666666666667,-0.33647223662121306,-0.5047083549318196,-2.414156868651151,-1.4594326117914855,0.9547242568596658,0.3887486271800791,0.32059893542738915,-0.06814969175268992,0.06814969175268992
5,5,3,-0.16666666666666674,-0.16666666666666674,-0.5,-0.33647223662121306,-0.5047083549318196,-1.6479184330021646,-1.0763133939669922,0.5716050390351725,0.3887390035462472,0.23152154578267758,-0.1572174577635696,0.1572174577635696
5,5,4,-0.16666666666666674,-0.16666666666666674,-0.33333333333333337,-0.33647223662121306,-0.5047083549318196,-1.039720770839918,-0.7722145628858689,0.2675062079540492,0.3817478646981174,0.1851246692833564,-0.19662319541476098,0.19662319541476098
5,5,5,-0.16666666666666674,-0.16666666666666674,-0.16666666666666674,-0.33647223662121306,-0.5047083549318196,-0.5047083549318196,-0.5047083549318196,0.0,0.37370422424248595,0.24432101170630843,-0.12938321253617752,0.12938321253617752
5,5,6,-0.16666666666666674,-0.16666666666666674,0.0,-0.33647223662121306,-0.5047083549318196,0.0,-0.2523541774659098,-0.2523541774659098,0.3636050169275673,0.0943579006544844,-0.2692471162730829,0.2692471162730829
5,5,7,-0.16666666666666674,-0.16666666666666674,0.16666666666666652,-0.33647223662121306,-0.5047083549318196,0.504708354931819,-3.3306690738754696e-16,-0.5047083549318193,0.3737042242357128,0.25024728454930334,-0.12345693968640947,0.12345693968640947
5,5,8,-0.16666666666666674,-0.16666666666666674,0.33333333333333326,-0.33647223662121306,-0.5047083549318196,1.0397207708399177,0.267506207954049,-0.7722145628858686,0.38174786470035293,0.1851471041545643,-0.19660076054578862,0.19660076054578862
5,5,9,-0.16666666666666674,-0.16666666666666674,0.5,-0.33647223662121306,-0.5047083549318196,1.6479184330021646,0.5716050390351725,-1.0763133939669922,0.38873900352819835,0.23098344577526697,-0.15775555775293137,0.15775555775293137
5,5,10,-0.16666666666666674,-0.16666666666666674,0.6666666666666665,-0.33647223662121306,-0.5047083549318196,2.41415686865115,0.9547242568596651,-1.4594326117914846,0.38874862718601627,0.3253991790706271,-0.06334944811538917,0.06334944811538917
5,5,11,-0.16666666666666674,-0.16666666666666674,0.8333333333333333,-0.33647223662121306,-0.5047083549318196,3.596842909197555,1.5460672771328676,-2.0507756320646875,0.38874976587472915,0.33656243164783517,-0.05218733422689398,0.05218733422689398
5,6,1,-0.16666666666666674,0.0,-0.8333333333333334,-0.33647223662121306,0.0,-3.596842909197556,-1.798421454598778,1.798421454598778,0.3887497658802274,0.3365663178146536,-0.05218344806557379,0.05218344806557379
5,6,2,-0.16666666666666674,0.0,-0.6666666666666667,-0.33647223662121306,0.0,-2.414156868651151,-1.2070784343255756,1.2070784343255756,0.3887497977213089,0.3358274655043262,-0.052922332216982726,0.052922332216982726
5,6,3,-0.16666666666666674,0.0,-0.5,-0.33647223662121306,0.0,-1.6479184330021646,-0.8239592165010823,0.8239592165010823,0.38905140163294505,0.2838763301229722,-0.10517507150997285,0.10517507150997285
5,6,4,-0.16666666666666674,0.0,-0.33333333333333337,-0.33647223662121306,0.0,-1.039720770839918,-0.519860385419959,0.519860385419959,0.3895723649612594,0.27483990027088057,-0.11473246469037884,0.11473246469037884
5,6,5,-0.16666666666666674,0.0,-0.16666666666666674,-0.33647223662121306,0.0,-0.5047083549318196,-0.2523541774659098,0.2523541774659098,0.43722772195788273,0.4028547451210288,-0.03437297683685392,0.03437297683685392
5,6,6,-0.16666666666666674,0.0,0.0,-0.33647223662121306,0.0,0.0,0.0,0.0,0.4751055084338034,0.33812200775700463,-0.13698350067679876,0.13698350067679876
5,6,7,-0.16666666666666674,0.0,0.16666666666666652,-0.33647223662121306,0.0,0.504708354931819,0.2523541774659095,-0.2523541774659095,0.4372277219689732,0.40964431639738597,-0.027583405571587227,0.027583405571587227
5,6,8,-0.16666666666666674,0.0,0.33333333333333326,-0.33647223662121306,0.0,1.0397207708399177,0.5198603854199588,-0.5198603854199588,0.3895723649776648,0.2751100553861192,-0.11446230959154557,0.11446230959154557
5,6,9,-0.16666666666666674,0.0,0.5,-0.33647223662121306,0.0,1.6479184330021646,0.8239592165010823,-0.8239592165010823,0.38905140164003776,0.2868005323828643,-0.10225086925717347,0.10225086925717347
5,6,10,-0.16666666666666674,0.0,0.6666666666666665,-0.33647223662121306,0.0,2.41415686865115,1.207078434325575,-1.207078434325575,0.3887497977320818,0.33607539454989965,-0.05267440318218214,0.05267440318218214
5,6,11,-0.16666666666666674,0.0,0.8333333333333333,-0.33647223662121306,0.0,3.596842909197555,1.7984214545987776,-1.7984214545987776,0.38874976587878185,0.33656630541859356,-0.05218346046018829,0.05218346046018829
5,7,1,-0.16666666666666674,0.16666666666666652,-0.8333333333333334,-0.33647223662121306,0.504708354931819,-3.596842909197556,-1.5460672771328685,2.0507756320646875,0.388749765880298,0.3365663209294787,-0.052183444950819335,0.052183444950819335
5,7,2,-0.16666666666666674,0.16666666666666652,-0.6666666666666667,-0.33647223662121306,0.504708354931819,-2.414156868651151,-0.9547242568596661,1.459432611791485,0.3888285266573108,0.33762929650132756,-0.051199230155983266,0.051199230155983266
5,7,3,-0.16666666666666674,0.16666666666666652,-0.5,-0.33647223662121306,0.504708354931819,-1.6479184330021646,-0.5716050390351728,1.0763133939669918,0.38949452576050037,0.3469242581647525,-0.04257026759574789,0.04257026759574789
5,7,4,-0.16666666666666674,0.16666666666666652,-0.33333333333333337,-0.33647223662121306,0.504708354931819,-1.039720770839918,-0.26750620795404956,0.7722145628858685,0.4465751138876413,0.45276234849885355,0.006187234611212233,0.006187234611212233
5,7,5,-0.16666666666666674,0.16666666666666652,-0.16666666666666674,-0.33647223662121306,0.504708354931819,-0.5047083549318196,-3.3306690738754696e-16,0.5047083549318193,0.5120991710366017,0.623484220347432,0.11138504931083026,0.11138504931083026
5,7,6,-0.16666666666666674,0.16666666666666652,0.0,-0.33647223662121306,0.504708354931819,0.0,0.2523541774659095,0.2523541774659095,0.5421992385581998,0.538778616624642,-0.0034206219335578547,0.0034206219335578547
5,7,7,-0.16666666666666674,0.16666666666666652,0.16666666666666652,-0.33647223662121306,0.504708354931819,0.504708354931819,0.504708354931819,0.0,0.5120991710684587,0.6214478090681272,0.10934863799966854,0.10934863799966854
5,7,8,-0.16666666666666674,0.16666666666666652,0.33333333333333326,-0.33647223662121306,0.504708354931819,1.0397207708399177,0.7722145628858683,-0.26750620795404934,0.4465751138968553,0.4569349049746275,0.01035979107777224,0.01035979107777224
5,7,9,-0.16666666666666674,0.16666666666666652,0.5,-0.33647223662121306,0.504708354931819,1.6479184330021646,1.0763133939669918,-0.5716050390351728,0.38949452576244625,0.3481676231541445,-0.04132690260830174,0.04132690260830174
5,7,10,-0.16666666666666674,0.16666666666666652,0.6666666666666665,-0.33647223662121306,0.504708354931819,2.41415686865115,1.4594326117914844,-0.9547242568596654,0.388828526669321,0.33761521549013374,-0.05121331117918726,0.05121331117918726
5,7,11,-0.16666666666666674,0.16666666666666652,0.8333333333333333,-0.33647223662121306,0.504708354931819,3.596842909197555,2.050775632064687,-1.546067277132868,0.3887497658728756,0.33656632090037875,-0.05218344497249683,0.05218344497249683
5,8,1,-0.16666666666666674,0.33333333333333326,-0.8333333333333334,-0.33647223662121306,1.0397207708399177,-3.596842909197556,-1.2785610691788192,2.318281840018737,0.3887497903412304,0.33656626179546345,-0.052183528545766966,0.052183528545766966
5,8,2,-0.16666666666666674,0.33333333333333326,-0.6666666666666667,-0.33647223662121306,1.0397207708399177,-2.414156868651151,-0.6872180489056168,1.7269388197455344,0.3892935492898151,0.3383069956084246,-0.05098655368139049,0.05098655368139049
5,8,3,-0.16666666666666674,0.33333333333333326,-0.5,-0.33647223662121306,1.0397207708399177,-1.6479184330021646,-0.30409883108112346,1.343819601921041,0.43761860828085536,0.4795194637171516,0.041900855436296236,0.041900855436296236
5,8,4,-0.16666666666666674,0.33333333333333326,-0.33333333333333337,-0.33647223662121306,1.0397207708399177,-1.039720770839918,-2.220446049250313e-16,1.0397207708399179,0.5121287508036407,0.6898805378241857,0.17775178702054495,0.17775178702054495
5,8,5,-0.16666666666666674,0.33333333333333326,-0.16666666666666674,-0.33647223662121306,1.0397207708399177,-0.5047083549318196,0.267506207954049,0.7722145628858686,0.5947557363387623,0.7914297242726407,0.19667398793387836,0.19667398793387836
5,8,6,-0.16666666666666674,0.33333333333333326,0.0,-0.33647223662121306,1.0397207708399177,0.0,0.5198603854199588,0.5198603854199588,0.6659909426793276,0.880670957811251,0.21468001513192347,0.21468001513192347
5,8,7,-0.16666666666666674,0.33333333333333326,0.16666666666666652,-0.33647223662121306,1.0397207708399177,0.504708354931819,0.7722145628858683,0.26750620795404934,0.5947557363438368,0.7921173925240126,0.19736165618017576,0.19736165618017576
5,8,8,-0.16666666666666674,0.33333333333333326,0.33333333333333326,-0.33647223662121306,1.0397207708399177,1.0397207708399177,1.0397207708399177,0.0,0.5121287508003961,0.6844124718632663,0.17228372106287015,0.17228372106287015
5,8,9,-0.16666666666666674,0.33333333333333326,0.5,-0.33647223662121306,1.0397207708399177,1.6479184330021646,1.343819601921041,-0.30409883108112346,0.4376186082891677,0.4798020414533981,0.0421834331642304,0.0421834331642304
5,8,10,-0.16666666666666674,0.33333333333333326,0.6666666666666665,-0.33647223662121306,1.0397207708399177,2.41415686865115,1.7269388197455338,-0.6872180489056161,0.3892935492891759,0.33828874783982177,-0.051004801449354153,0.051004801449354153
5,8,11,-0.16666666666666674,0.33333333333333326,0.8333333333333333,-0.33647223662121306,1.0397207708399177,3.596842909197555,2.318281840018736,-1.2785610691788187,0.3887497903381087,0.3365662636191138,-0.0521835267189949,0.0521835267189949
5,9,1,-0.16666666666666674,0.5,-0.8333333333333334,-0.33647223662121306,1.6479184330021646,-3.596842909197556,-0.9744622380976957,2.6223806710998603,0.38879421499925093,0.33775298197798576,-0.051041233021265175,0.051041233021265175
5,9,2,-0.16666666666666674,0.5,-0.6666666666666667,-0.33647223662121306,1.6479184330021646,-2.414156868651151,-0.3831192178244933,2.031037650826658,0.41825707298180476,0.43821997031623283,0.019962897334428076,0.019962897334428076
5,9,3,-0.16666666666666674,0.5,-0.5,-0.33647223662121306,1.6479184330021646,-1.6479184330021646,0.0,1.6479184330021646,0.5121287526850048,0.6913396517103663,0.17921089902536147,0.17921089902536147
5,9,4,-0.16666666666666674,0.5,-0.33333333333333337,-0.33647223662121306,1.6479184330021646,-1.039720770839918,0.30409883108112323,1.3438196019210413,0.6064166922772671,0.8383360850295207,0.2319193927522536,0.2319193927522536
5,9,5,-0.16666666666666674,0.5,-0.16666666666666674,-0.33647223662121306,1.6479184330021646,-0.5047083549318196,0.5716050390351725,1.0763133939669922,0.6673487483088876,0.8796786566792407,0.21232990837035315,0.21232990837035315
5,9,6,-0.16666666666666674,0.5,0.0,-0.33647223662121306,1.6479184330021646,0.0,0.8239592165010823,0.8239592165010823,0.6675617081704036,0.9237770753972943,0.25621536722689064,0.25621536722689064
5,9,7,-0.16666666666666674,0.5,0.16666666666666652,-0.33647223662121306,1.6479184330021646,0.504708354931819,1.0763133939669918,0.5716050390351728,0.667348748309552,0.892892050138985,0.22554330182943294,0.22554330182943294
5,9,8,-0.16666666666666674,0.5,0.33333333333333326,-0.33647223662121306,1.6479184330021646,1.0397207708399177,1.343819601921041,0.30409883108112346,0.6064166922905351,0.8393123112907235,0.2328956190001884,0.2328956190001884
5,9,9,-0.16666666666666674,0.5,0.5,-0.33647223662121306,1.6479184330021646,1.6479184330021646,1.6479184330021646,0.0,0.5121287527095604,0.6855945991934009,0.17346584648384056,0.17346584648384056
5,9,10,-0.16666666666666674,0.5,0.6666666666666665,-0.33647223662121306,1.6479184330021646,2.41415686865115,2.031037650826657,-0.38311921782449265,0.4182570729687716,0.4386596289948168,0.020402556026045182,0.020402556026045182
5,9,11,-0.16666666666666674,0.5,0.8333333333333333,-0.33647223662121306,1.6479184330021646,3.596842909197555,2.62238067109986,-0.9744622380976953,0.3887942149930632,0.3377528471296588,-0.05104136786340441,0.05104136786340441
5,10,1,-0.16666666666666674,0.6666666666666665,-0.8333333333333334,-0.33647223662121306,2.41415686865115,-3.596842909197556,-0.5913430202732031,3.005499888924353,0.38946021476761483,0.3500140494472822,-0.03944616532033263,0.03944616532033263
5,10,2,-0.16666666666666674,0.6666666666666665,-0.6666666666666667,-0.33647223662121306,2.41415686865115,-2.414156868651151,-6.661338147750939e-16,2.4141568686511503,0.5121287527020989,0.6913396614508462,0.17921090874874734,0.17921090874874734
5,10,3,-0.16666666666666674,0.6666666666666665,-0.5,-0.33647223662121306,2.41415686865115,-1.6479184330021646,0.38311921782449265,2.031037650826657,0.6309175276574222,0.8620166582475559,0.23109913059013376,0.23109913059013376
5,10,4,-0.16666666666666674,0.6666666666666665,-0.33333333333333337,-0.33647223662121306,2.41415686865115,-1.039720770839918,0.6872180489056159,1.726938819745534,0.6676581582375704,0.9058193286150324,0.2381611703774621,0.2381611703774621
5,10,5,-0.16666666666666674,0.6666666666666665,-0.16666666666666674,-0.33647223662121306,2.41415686865115,-0.5047083549318196,0.9547242568596651,1.4594326117914846,0.6683739074166821,0.9184731424172421,0.25009923500055997,0.25009923500055997
5,10,6,-0.16666666666666674,0.6666666666666665,0.0,-0.33647223662121306,2.41415686865115,0.0,1.207078434325575,1.207078434325575,0.668495042247963,0.9412381701336969,0.27274312788573396,0.27274312788573396
5,10,7,-0.16666666666666674,0.6666666666666665,0.16666666666666652,-0.33647223662121306,2.41415686865115,0.504708354931819,1.4594326117914844,0.9547242568596654,0.6683739074001042,0.919076910828565,0.25070300342846086,0.25070300342846086
5,10,8,-0.16666666666666674,0.6666666666666665,0.33333333333333326,-0.33647223662121306,2.41415686865115,1.0397207708399177,1.7269388197455338,0.6872180489056161,0.6676581582316266,0.9032319488303702,0.23557379059874362,0.23557379059874362
5,10,9,-0.16666666666666674,0.6666666666666665,0.5,-0.33647223662121306,2.41415686865115,1.6479184330021646,2.031037650826657,0.38311921782449265,0.6309175276593642,0.8112206449455506,0.18030311728618642,0.18030311728618642
5,10,10,-0.16666666666666674,0.6666666666666665,0.6666666666666665,-0.33647223662121306,2.41415686865115,2.41415686865115,2.41415686865115,0.0,0.512128752683228,0.6855946041654917,0.17346585148226368,0.17346585148226368
5,10,11,-0.16666666666666674,0.6666666666666665,0.8333333333333333,-0.33647223662121306,2.41415686865115,3.596842909197555,3.0054998889243523,-0.5913430202732026,0.38946021477348386,0.35022263091778927,-0.03923758385569459,0.03923758385569459
5,11,1,-0.16666666666666674,0.8333333333333333,-0.8333333333333334,-0.33647223662121306,3.596842909197555,-3.596842909197556,-4.440892098500626e-16,3.5968429091975556,0.5121287527263902,0.691339661577909,0.1792109088515188,0.1792109088515188
5,11,2,-0.16666666666666674,0.8333333333333333,-0.6666666666666667,-0.33647223662121306,3.596842909197555,-2.414156868651151,0.591343020273202,3.005499888924353,0.6674016291281618,0.8678951120513207,0.20049348292315894,0.20049348292315894
5,11,3,-0.16666666666666674,0.8333333333333333,-0.5,-0.33647223662121306,3.596842909197555,-1.6479184330021646,0.9744622380976953,2.62238067109986,0.6684267264392209,0.9321770108126473,0.2637502843734264,0.2637502843734264
5,11,4,-0.16666666666666674,0.8333333333333333,-0.33333333333333337,-0.33647223662121306,3.596842909197555,-1.039720770839918,1.2785610691788185,2.3182818400187366,0.6684951041431395,0.9413405841471114,0.2728454800039719,0.2728454800039719
5,11,5,-0.16666666666666674,0.8333333333333333,-0.16666666666666674,-0.33647223662121306,3.596842909197555,-0.5047083549318196,1.5460672771328676,2.0507756320646875,0.6684951417346296,0.9413416480366119,0.27284650630198226,0.27284650630198226
5,11,6,-0.16666666666666674,0.8333333333333333,0.0,-0.33647223662121306,3.596842909197555,0.0,1.7984214545987776,1.7984214545987776,0.6684951417408946,0.9413419078473686,0.27284676610647396,0.27284676610647396
5,11,7,-0.16666666666666674,0.8333333333333333,0.16666666666666652,-0.33647223662121306,3.596842909197555,0.504708354931819,2.050775632064687,1.546067277132868,0.6684951417359818,0.9413397136659558,0.272844571929974,0.272844571929974
5,11,8,-0.16666666666666674,0.8333333333333333,0.33333333333333326,-0.33647223662121306,3.596842909197555,1.0397207708399177,2.318281840018736,1.2785610691788187,0.668495104147033,0.9413411602143495,0.2728460560673166,0.2728460560673166
5,11,9,-0.16666666666666674,0.8333333333333333,0.5,-0.33647223662121306,3.596842909197555,1.6479184330021646,2.62238067109986,0.9744622380976953,0.6684267264422297,0.932477784902048,0.26405105845981836,0.26405105845981836
5,11,10,-0.16666666666666674,0.8333333333333333,0.6666666666666665,-0.33647223662121306,3.596842909197555,2.41415686865115,3.0054998889243523,0.5913430202732026,0.6674016291117101,0.8742277398523832,0.20682611074067314,0.20682611074067314
5,11,11,-0.16666666666666674,0.8333333333333333,0.8333333333333333,-0.33647223662121306,3.596842909197555,3.596842909197555,3.596842909197555,0.0,0.5121287527066697,0.6855946043380625,0.17346585163139283,0.17346585163139283
6,1,1,0.0,-0.8333333333333334,-0.8333333333333334,0.0,-3.596842909197556,-3.596842909197556,-3.596842909197556,0.0,0.46297279270925973,0.2163001005378376,-0.24667269217142213,0.24667269217142213
6,1,2,0.0,-0.8333333333333334,-0.6666666666666667,0.0,-3.596842909197556,-2.414156868651151,-3.0054998889243536,-0.5913430202732024,0.32882968686048686,0.08345697505865582,-0.24537271180183104,0.24537271180183104
6,1,3,0.0,-0.8333333333333334,-0.5,0.0,-3.596842909197556,-1.6479184330021646,-2.6223806710998603,-0.9744622380976957,0.32782061459243356,0.06322130946915519,-0.26459930512327834,0.26459930512327834
6,1,4,0.0,-0.8333333333333334,-0.33333333333333337,0.0,-3.596842909197556,-1.039720770839918,-2.318281840018737,-1.278561069178819,0.3277533059261468,0.03289607448090358,-0.29485723144524323,0.29485723144524323
6,1,5,0.0,-0.8333333333333334,-0.16666666666666674,0.0,-3.596842909197556,-0.5047083549318196,-2.050775632064688,-1.546067277132868,0.32775326899237894,0.03294411805402099,-0.29480915093835797,0.29480915093835797
6,1,6,0.0,-0.8333333333333334,0.0,0.0,-3.596842909197556,0.0,-1.798421454598778,-1.798421454598778,0.32775326899470164,0.0328445772153709,-0.29490869177933077,0.29490869177933077
6,1,7,0.0,-0.8333333333333334,0.16666666666666652,0.0,-3.596842909197556,0.504708354931819,-1.5460672771328685,-2.0507756320646875,0.3277532689921355,0.03287812875539481,-0.2948751402367407,0.2948751402367407
6,1,8,0.0,-0.8333333333333334,0.33333333333333326,0.0,-3.596842909197556,1.0397207708399177,-1.2785610691788192,-2.318281840018737,0.3277533059337805,0.032879407990855494,-0.294873897942925,0.294873897942925
6,1,9,0.0,-0.8333333333333334,0.5,0.0,-3.596842909197556,1.6479184330021646,-0.9744622380976957,-2.6223806710998603,0.32782061459636364,0.06493533197647788,-0.26288528261988575,0.26288528261988575
6,1,10,0.0,-0.8333333333333334,0.6666666666666665,0.0,-3.596842909197556,2.41415686865115,-0.5913430202732031,-3.005499888924353,0.32882968686042235,0.09626201216371014,-0.23256767469671222,0.23256767469671222
6,1,11,0.0,-0.8333333333333334,0.8333333333333333,0.0,-3.596842909197556,3.596842909197555,-4.440892098500626e-16,-3.5968429091975556,0.4629727926967472,0.2213090362376126,-0.24166375645913457,0.24166375645913457
6,2,1,0.0,-0.6666666666666667,-0.8333333333333334,0.0,-2.414156868651151,-3.596842909197556,-3.0054998889243536,0.5913430202732024,0.49997716652657265,0.4922685171076697,-0.007708649418902924,0.007708649418902924
6,2,2,0.0,-0.6666666666666667,-0.6666666666666667,0.0,-2.414156868651151,-2.414156868651151,-2.414156868651151,0.0,0.4629727926938137,0.21630010056548044,-0.24667269212833326,0.24667269212833326
6,2,3,0.0,-0.6666666666666667,-0.5,0.0,-2.414156868651151,-1.6479184330021646,-2.031037650826658,-0.3831192178244933,0.36037153255480886,0.09520285460532552,-0.26516867794948334,0.26516867794948334
6,2,4,0.0,-0.6666666666666667,-0.33333333333333337,0.0,-2.414156868651151,-1.039720770839918,-1.7269388197455346,-0.6872180489056166,0.328577167987343,0.06467956076375272,-0.26389760722359024,0.26389760722359024
6,2,5,0.0,-0.6666666666666667,-0.16666666666666674,0.0,-2.414156868651151,-0.5047083549318196,-1.4594326117914855,-0.9547242568596658,0.3278726078689626,0.0355389524813961,-0.2923336553875665,0.2923336553875665
6,2,6,0.0,-0.6666666666666667,0.0,0.0,-2.414156868651151,0.0,-1.2070784343255756,-1.2070784343255756,0.3277533666943811,0.034012286978753414,-0.2937410797156277,0.2937410797156277
6,2,7,0.0,-0.6666666666666667,0.16666666666666652,0.0,-2.414156868651151,0.504708354931819,-0.9547242568596661,-1.459432611791485,0.32787260787414235,0.04017553672337755,-0.2876970711507648,0.2876970711507648
6,2,8,0.0,-0.6666666666666667,0.33333333333333326,0.0,-2.414156868651151,1.0397207708399177,-0.6872180489056168,-1.7269388197455344,0.32857716800176695,0.06851150391252109,-0.26006566408924586,0.26006566408924586
6,2,9,0.0,-0.6666666666666667,0.5,0.0,-2.414156868651151,1.6479184330021646,-0.3831192178244933,-2.031037650826658,0.360371532563292,0.09323007802606703,-0.267141454537225,0.267141454537225
6,2,10,0.0,-0.6666666666666667,0.6666666666666665,0.0,-2.414156868651151,2.41415686865115,-6.661338147750939e-16,-2.4141568686511503,0.4629727926790353,0.22130903619976777,-0.24166375647926752,0.24166375647926752
6,2,11,0.0,-0.6666666666666667,0.8333333333333333,0.0,-2.414156868651151,3.596842909197555,0.591343020273202,-3.005499888924353,0.49997716652775687,0.4922229340645784,-0.007754232463178468,0.007754232463178468
6,3,1,0.0,-0.5,-0.8333333333333334,0.0,-1.6479184330021646,-3.596842909197556,-2.6223806710998603,0.9744622380976957,0.49999857125858593,0.4995445872005785,-0.00045398405800745056,0.00045398405800745056
6,3,2,0.0,-0.5,-0.6666666666666667,0.0,-1.6479184330021646,-2.414156868651151,-2.031037650826658,0.3831192178244933,0.4913230558884892,0.34490951235913037,-0.14641354352935881,0.14641354352935881
6,3,3,0.0,-0.5,-0.5,0.0,-1.6479184330021646,-1.6479184330021646,-1.6479184330021646,0.0,0.4629727926903765,0.21630026315166434,-0.24667252953871216,0.24667252953871216
6,3,4,0.0,-0.5,-0.33333333333333337,0.0,-1.6479184330021646,-1.039720770839918,-1.3438196019210413,-0.30409883108112323,0.3815336061741695,0.11436628232002333,-0.26716732385414615,0.26716732385414615
6,3,5,0.0,-0.5,-0.16666666666666674,0.0,-1.6479184330021646,-0.5047083549318196,-1.0763133939669922,-0.5716050390351725,0.3288817406990007,0.09509463067098492,-0.2337871100280158,0.2337871100280158
6,3,6,0.0,-0.5,0.0,0.0,-1.6479184330021646,0.0,-0.8239592165010823,-0.8239592165010823,0.32867174136251,0.056264860046675136,-0.27240688131583485,0.27240688131583485
6,3,7,0.0,-0.5,0.16666666666666652,0.0,-1.6479184330021646,0.504708354931819,-0.5716050390351728,-1.0763133939669918,0.3288817407211571,0.09179750649855076,-0.23708423422260635,0.23708423422260635
6,3,8,0.0,-0.5,0.33333333333333326,0.0,-1.6479184330021646,1.0397207708399177,-0.30409883108112346,-1.343819601921041,0.38153360619366494,0.09716707545087516,-0.2843665307427898,0.2843665307427898
6,3,9,0.0,-0.5,0.5,0.0,-1.6479184330021646,1.6479184330021646,0.0,-1.6479184330021646,0.4629727927066636,0.2213091986163776,-0.24166359409028598,0.24166359409028598
6,3,10,0.0,-0.5,0.6666666666666665,0.0,-1.6479184330021646,2.41415686865115,0.38311921782449265,-2.031037650826657,0.4913230558503422,0.3451598909776198,-0.1461631648727224,0.1461631648727224
6,3,11,0.0,-0.5,0.8333333333333333,0.0,-1.6479184330021646,3.596842909197555,0.9744622380976953,-2.62238067109986,0.49999857129087355,0.49954212486219196,-0.00045644642868158947,0.00045644642868158947
6,4,1,0.0,-0.33333333333333337,-0.8333333333333334,0.0,-1.039720770839918,-3.596842909197556,-2.318281840018737,1.278561069178819,0.499999999142395,0.4992274733703933,-0.0007725257720017087,0.0007725257720017087
6,4,2,0.0,-0.33333333333333337,-0.6666666666666667,0.0,-1.039720770839918,-2.414156868651151,-1.7269388197455346,0.6872180489056166,0.49998252303053636,0.4989438608808262,-0.0010386621497101567,0.0010386621497101567
6,4,3,0.0,-0.33333333333333337,-0.5,0.0,-1.039720770839918,-1.6479184330021646,-1.3438196019210413,0.30409883108112323,0.48547566316769547,0.2942756589536456,-0.19120000421404987,0.19120000421404987
6,4,4,0.0,-0.33333333333333337,-0.33333333333333337,0.0,-1.039720770839918,-1.039720770839918,-1.039720770839918,0.0,0.46297279483666487,0.23122362815753733,-0.23174916667912754,0.23174916667912754
6,4,5,0.0,-0.33333333333333337,-0.16666666666666674,0.0,-1.039720770839918,-0.5047083549318196,-0.7722145628858689,-0.2675062079540492,0.3916437410106469,0.1861197400953063,-0.20552400091534062,0.20552400091534062
6,4,6,0.0,-0.33333333333333337,0.0,0.0,-1.039720770839918,0.0,-0.519860385419959,-0.519860385419959,0.33021557795246287,0.11717338662682616,-0.2130421913256367,0.2130421913256367
6,4,7,0.0,-0.33333333333333337,0.16666666666666652,0.0,-1.039720770839918,0.504708354931819,-0.26750620795404956,-0.7722145628858685,0.3916437410206399,0.18582141920280265,-0.20582232181783727,0.20582232181783727
6,4,8,0.0,-0.33333333333333337,0.33333333333333326,0.0,-1.039720770839918,1.0397207708399177,-2.220446049250313e-16,-1.0397207708399179,0.4629727948677574,0.23397151961010249,-0.2290012752576549,0.2290012752576549
6,4,9,0.0,-0.33333333333333337,0.5,0.0,-1.039720770839918,1.6479184330021646,0.30409883108112323,-1.3438196019210413,0.4854756631795292,0.29458585942636395,-0.19088980375316528,0.19088980375316528
6,4,10,0.0,-0.33333333333333337,0.6666666666666665,0.0,-1.039720770839918,2.41415686865115,0.6872180489056159,-1.726938819745534,0.49998252301734625,0.4987726419089987,-0.0012098811083475214,0.0012098811083475214
6,4,11,0.0,-0.33333333333333337,0.8333333333333333,0.0,-1.039720770839918,3.596842909197555,1.2785610691788185,-2.3182818400187366,0.4999999991531021,0.49922747689218994,-0.0007725222609121785,0.0007725222609121785
6,5,1,0.0,-0.16666666666666674,-0.8333333333333334,0.0,-0.5047083549318196,-3.596842909197556,-2.050775632064688,1.546067277132868,0.5000000000295057,0.49922728708268904,-0.0007727129468166893,0.0007727129468166893
6,5,2,0.0,-0.16666666666666674,-0.6666666666666667,0.0,-0.5047083549318196,-2.414156868651151,-1.4594326117914855,0.9547242568596658,0.49999746867619926,0.49978001643571235,-0.00021745224048691503,0.00021745224048691503
6,5,3,0.0,-0.16666666666666674,-0.5,0.0,-0.5047083549318196,-1.6479184330021646,-1.0763133939669922,0.5716050390351725,0.49997606542709905,0.4883971173333339,-0.01157894809376514,0.01157894809376514
6,5,4,0.0,-0.16666666666666674,-0.33333333333333337,0.0,-0.5047083549318196,-1.039720770839918,-0.7722145628858689,0.2675062079540492,0.4827818376742151,0.31373157061809553,-0.16905026705611959,0.16905026705611959
6,5,5,0.0,-0.16666666666666674,-0.16666666666666674,0.0,-0.5047083549318196,-0.5047083549318196,-0.5047083549318196,0.0,0.46300630009329696,0.33359960328418004,-0.12940669680911693,0.12940669680911693
6,5,6,0.0,-0.16666666666666674,0.0,0.0,-0.5047083549318196,0.0,-0.2523541774659098,-0.2523541774659098,0.4382808815362953,0.392737560045162,-0.04554332149113327,0.04554332149113327
6,5,7,0.0,-0.16666666666666674,0.16666666666666652,0.0,-0.5047083549318196,0.504708354931819,-3.3306690738754696e-16,-0.5047083549318193,0.46300630006389604,0.3344692764405034,-0.12853702362339264,0.12853702362339264
6,5,8,0.0,-0.16666666666666674,0.33333333333333326,0.0,-0.5047083549318196,1.0397207708399177,0.267506207954049,-0.7722145628858686,0.4827818376655629,0.31328548517095245,-0.16949635249461042,0.16949635249461042
6,5,9,0.0,-0.16666666666666674,0.5,0.0,-0.5047083549318196,1.6479184330021646,0.5716050390351725,-1.0763133939669922,0.49997606539857353,0.4884189124079764,-0.01155715299059712,0.01155715299059712
6,5,10,0.0,-0.16666666666666674,0.6666666666666665,0.0,-0.5047083549318196,2.41415686865115,0.9547242568596651,-1.4594326117914846,0.49999746868134076,0.4997756921713815,-0.00022177650995924836,0.00022177650995924836
6,5,11,0.0,-0.16666666666666674,0.8333333333333333,0.0,-0.5047083549318196,3.596842909197555,1.5460672771328676,-2.0507756320646875,0.5000000000310693,0.49922728677827777,-0.0007727132527914904,0.0007727132527914904
6,6,1,0.0,0.0,-0.8333333333333334,0.0,0.0,-3.596842909197556,-1.798421454598778,1.798421454598778,0.5000000000207272,0.4992272895097686,-0.0007727105109586185,0.0007727105109586185
6,6,2,0.0,0.0,-0.6666666666666667,0.0,0.0,-2.414156868651151,-1.2070784343255756,1.2070784343255756,0.5000000000117433,0.4992272845494009,-0.000772715462342366,0.000772715462342366
6,6,3,0.0,0.0,-0.5,0.0,0.0,-1.6479184330021646,-0.8239592165010823,0.8239592165010823,0.5000000000198962,0.4994383867933869,-0.0005616132265092721,0.0005616132265092721
6,6,4,0.0,0.0,-0.33333333333333337,0.0,0.0,-1.039720770839918,-0.519860385419959,0.519860385419959,0.5000000000157303,0.49953207033948843,-0.00046792967624187387,0.00046792967624187387
6,6,5,0.0,0.0,-0.16666666666666674,0.0,0.0,-0.5047083549318196,-0.2523541774659098,0.2523541774659098,0.4999999999954402,0.4992503344388517,-0.000749665556588508,0.000749665556588508
6,6,6,0.0,0.0,0.0,0.0,0.0,0.0,0.0,0.0,0.49999999997984573,0.4772493672895206,-0.022750632690325123,0.022750632690325123
6,6,7,0.0,0.0,0.16666666666666652,0.0,0.0,0.504708354931819,0.2523541774659095,-0.2523541774659095,0.4999999999964052,0.49929000110980526,-0.0007099988865999496,0.0007099988865999496
6,6,8,0.0,0.0,0.33333333333333326,0.0,0.0,1.0397207708399177,0.5198603854199588,-0.5198603854199588,0.5000000000255987,0.49984377837082494,-0.00015622165477380268,0.00015622165477380268
6,6,9,0.0,0.0,0.5,0.0,0.0,1.6479184330021646,0.8239592165010823,-0.8239592165010823,0.5000000000126742,0.4991821746681534,-0.000817825344520795,0.000817825344520795
6,6,10,0.0,0.0,0.6666666666666665,0.0,0.0,2.41415686865115,1.207078434325575,-1.207078434325575,0.5000000000215569,0.4992273032324187,-0.0007726967891381609,0.0007726967891381609
6,6,11,0.0,0.0,0.8333333333333333,0.0,0.0,3.596842909197555,1.7984214545987776,-1.7984214545987776,0.5000000000011282,0.49922729420448386,-0.0007727057966443462,0.0007727057966443462
6,7,1,0.0,0.16666666666666652,-0.8333333333333334,0.0,0.504708354931819,-3.596842909197556,-1.5460672771328685,2.0507756320646875,0.5000000000012935,0.49922729441002733,-0.0007727055912661873,0.0007727055912661873
6,7,2,0.0,0.16666666666666652,-0.6666666666666667,0.0,0.504708354931819,-2.414156868651151,-0.9547242568596661,1.459432611791485,0.500002531302456,0.49865665381045776,-0.0013458774919982153,0.0013458774919982153
6,7,3,0.0,0.16666666666666652,-0.5,0.0,0.504708354931819,-1.6479184330021646,-0.5716050390351728,1.0763133939669918,0.500023934590881,0.5096128531738828,0.009588918583001815,0.009588918583001815
6,7,4,0.0,0.16666666666666652,-0.33333333333333337,0.0,0.504708354931819,-1.039720770839918,-0.26750620795404956,0.7722145628858685,0.5172181623476915,0.6866915246035421,0.16947336225585063,0.16947336225585063
6,7,5,0.0,0.16666666666666652,-0.16666666666666674,0.0,0.504708354931819,-0.5047083549318196,-3.3306690738754696e-16,0.5047083549318193,0.5369936998926216,0.6655423978331041,0.12854869794048251,0.12854869794048251
6,7,6,0.0,0.16666666666666652,0.0,0.0,0.504708354931819,0.0,0.2523541774659095,0.2523541774659095,0.5617191184338926,0.6072534527393629,0.04553433430547038,0.04553433430547038
6,7,7,0.0,0.16666666666666652,0.16666666666666652,0.0,0.504708354931819,0.504708354931819,0.504708354931819,0.0,0.5369936999127257,0.6655627873856838,0.12856908747295803,0.12856908747295803
6,7,8,0.0,0.16666666666666652,0.33333333333333326,0.0,0.504708354931819,1.0397207708399177,0.7722145628858683,-0.26750620795404934,0.5172181623552351,0.6862788546732723,0.16906069231803722,0.16906069231803722
6,7,9,0.0,0.16666666666666652,0.5,0.0,0.504708354931819,1.6479184330021646,1.0763133939669918,-0.5716050390351728,0.5000239345829759,0.5096354426481589,0.009611508065182961,0.009611508065182961
6,7,10,0.0,0.16666666666666652,0.6666666666666665,0.0,0.504708354931819,2.41415686865115,1.4594326117914844,-0.9547242568596654,0.5000025313574576,0.49865206554678576,-0.0013504658106718859,0.0013504658106718859
6,7,11,0.0,0.16666666666666652,0.8333333333333333,0.0,0.504708354931819,3.596842909197555,2.050775632064687,-1.546067277132868,0.49999999997070976,0.4992273018716097,-0.0007726980991000776,0.0007726980991000776
6,8,1,0.0,0.33333333333333326,-0.8333333333333334,0.0,1.0397207708399177,-3.596842909197556,-1.2785610691788192,2.318281840018737,0.5000000008699281,0.4992271077998317,-0.0007728930700964254,0.0007728930700964254
6,8,2,0.0,0.33333333333333326,-0.6666666666666667,0.0,1.0397207708399177,-2.414156868651151,-0.6872180489056168,1.7269388197455344,0.5000174769654753,0.4990514687110287,-0.0009660082544465931,0.0009660082544465931
6,8,3,0.0,0.33333333333333326,-0.5,0.0,1.0397207708399177,-1.6479184330021646,-0.30409883108112346,1.343819601921041,0.5145243368107258,0.7054138311303173,0.19088949431959146,0.19088949431959146
6,8,4,0.0,0.33333333333333326,-0.33333333333333337,0.0,1.0397207708399177,-1.039720770839918,-2.220446049250313e-16,1.0397207708399179,0.5370272051943787,0.76607215886433,0.22904495366995126,0.22904495366995126
6,8,5,0.0,0.33333333333333326,-0.16666666666666674,0.0,1.0397207708399177,-0.5047083549318196,0.267506207954049,0.7722145628858686,0.6083562589892721,0.81417151641225,0.2058152574229779,0.2058152574229779
6,8,6,0.0,0.33333333333333326,0.0,0.0,1.0397207708399177,0.0,0.5198603854199588,0.5198603854199588,0.6697844220119247,0.8807876025108523,0.21100318049892763,0.21100318049892763
6,8,7,0.0,0.33333333333333326,0.16666666666666652,0.0,1.0397207708399177,0.504708354931819,0.7722145628858683,0.26750620795404934,0.6083562589923308,0.8138848449968912,0.20552858600456037,0.20552858600456037
6,8,8,0.0,0.33333333333333326,0.33333333333333326,0.0,1.0397207708399177,1.0397207708399177,1.0397207708399177,0.0,0.5370272052158979,0.7652910993259776,0.22826389411007975,0.22826389411007975
6,8,9,0.0,0.33333333333333326,0.5,0.0,1.0397207708399177,1.6479184330021646,1.343819601921041,-0.30409883108112346,0.5145243368187964,0.7057134736393569,0.1911891368205605,0.1911891368205605
6,8,10,0.0,0.33333333333333326,0.6666666666666665,0.0,1.0397207708399177,2.41415686865115,1.7269388197455338,-0.6872180489056161,0.5000174769839957,0.49886565398025706,-0.0011518230037386168,0.0011518230037386168
6,8,11,0.0,0.33333333333333326,0.8333333333333333,0.0,1.0397207708399177,3.596842909197555,2.318281840018736,-1.2785610691788187,0.5000000008671579,0.49922711490333327,-0.0007728859638246321,0.0007728859638246321
6,9,1,0.0,0.5,-0.8333333333333334,0.0,1.6479184330021646,-3.596842909197556,-0.9744622380976957,2.6223806710998603,0.5000014287498641,0.498905932467853,-0.0010954962820111103,0.0010954962820111103
6,9,2,0.0,0.5,-0.6666666666666667,0.0,1.6479184330021646,-2.414156868651151,-0.3831192178244933,2.031037650826658,0.5086769441660526,0.6548362169222388,0.14615927275618623,0.14615927275618623
6,9,3,0.0,0.5,-0.5,0.0,1.6479184330021646,-1.6479184330021646,0.0,1.6479184330021646,0.5370272073213064,0.7787522868328951,0.24172507951158873,0.24172507951158873
6,9,4,0.0,0.5,-0.33333333333333337,0.0,1.6479184330021646,-1.039720770839918,0.30409883108112323,1.3438196019210413,0.6184663938407431,0.9012211097199747,0.2827547158792316,0.2827547158792316
6,9,5,0.0,0.5,-0.16666666666666674,0.0,1.6479184330021646,-0.5047083549318196,0.5716050390351725,1.0763133939669922,0.6711182593173984,0.9081987674294769,0.23708050811207848,0.23708050811207848
6,9,6,0.0,0.5,0.0,0.0,1.6479184330021646,0.0,0.8239592165010823,0.8239592165010823,0.6713282586517082,0.9396603790657134,0.2683321204140052,0.2683321204140052
6,9,7,0.0,0.5,0.16666666666666652,0.0,1.6479184330021646,0.504708354931819,1.0763133939669918,0.5716050390351728,0.6711182592919877,0.8986577605153157,0.227539501223328,0.227539501223328
6,9,8,0.0,0.5,0.33333333333333326,0.0,1.6479184330021646,1.0397207708399177,1.343819601921041,0.30409883108112346,0.6184663938151096,0.8808646457425229,0.2623982519274133,0.2623982519274133
6,9,9,0.0,0.5,0.5,0.0,1.6479184330021646,1.6479184330021646,1.6479184330021646,0.0,0.5370272073156352,0.778830677430314,0.24180347011467873,0.24180347011467873
6,9,10,0.0,0.5,0.6666666666666665,0.0,1.6479184330021646,2.41415686865115,2.031037650826657,-0.38311921782449265,0.5086769441569615,0.655086301963528,0.1464093578065665,0.1464093578065665
6,9,11,0.0,0.5,0.8333333333333333,0.0,1.6479184330021646,3.596842909197555,2.62238067109986,-0.9744622380976953,0.500001428752749,0.49890333532510367,-0.0010980934276453302,0.0010980934276453302
6,10,1,0.0,0.6666666666666665,-0.8333333333333334,0.0,2.41415686865115,-3.596842909197556,-0.5913430202732031,3.005499888924353,0.5000228334823209,0.5056826810051662,0.005659847522845318,0.005659847522845318
6,10,2,0.0,0.6666666666666665,-0.6666666666666667,0.0,2.41415686865115,-2.414156868651151,-6.661338147750939e-16,2.4141568686511503,0.5370272073193474,0.7787524496265601,0.2417252423072127,0.2417252423072127
6,10,3,0.0,0.6666666666666665,-0.5,0.0,2.41415686865115,-1.6479184330021646,0.38311921782449265,2.031037650826657,0.6396284674459828,0.9067522198675388,0.26712375242155606,0.26712375242155606
6,10,4,0.0,0.6666666666666665,-0.33333333333333337,0.0,2.41415686865115,-1.039720770839918,0.6872180489056159,1.726938819745534,0.6714228320136927,0.9209352311401275,0.24951239912643486,0.24951239912643486
6,10,5,0.0,0.6666666666666665,-0.16666666666666674,0.0,2.41415686865115,-0.5047083549318196,0.9547242568596651,1.4594326117914846,0.6721273921293035,0.9570128364542974,0.28488544432499385,0.28488544432499385
6,10,6,0.0,0.6666666666666665,0.0,0.0,2.41415686865115,0.0,1.207078434325575,1.207078434325575,0.6722466333094839,0.9653025728327216,0.2930559395232377,0.2930559395232377
6,10,7,0.0,0.6666666666666665,0.16666666666666652,0.0,2.41415686865115,0.504708354931819,1.4594326117914844,0.9547242568596654,0.6721273920899637,0.9626392221606481,0.2905118300706844,0.2905118300706844
6,10,8,0.0,0.6666666666666665,0.33333333333333326,0.0,2.41415686865115,1.0397207708399177,1.7269388197455338,0.6872180489056161,0.671422831987296,0.9229814298639818,0.2515585978766858,0.2515585978766858
6,10,9,0.0,0.6666666666666665,0.5,0.0,2.41415686865115,1.6479184330021646,2.031037650826657,0.38311921782449265,0.6396284674502108,0.9048138781701802,0.26518541071996937,0.26518541071996937
6,10,10,0.0,0.6666666666666665,0.6666666666666665,0.0,2.41415686865115,2.41415686865115,2.41415686865115,0.0,0.537027207343814,0.7788308116119451,0.24180360426813108,0.24180360426813108
6,10,11,0.0,0.6666666666666665,0.8333333333333333,0.0,2.41415686865115,3.596842909197555,3.0054998889243523,-0.5913430202732026,0.5000228335013429,0.505634424186679,0.005611590685336121,0.005611590685336121
6,11,1,0.0,0.8333333333333333,-0.8333333333333334,0.0,3.596842909197555,-3.596842909197556,-4.440892098500626e-16,3.5968429091975556,0.5370272073500041,0.7787524496915388,0.2417252423415347,0.2417252423415347
6,11,2,0.0,0.8333333333333333,-0.6666666666666667,0.0,3.596842909197555,-2.414156868651151,0.591343020273202,3.005499888924353,0.6711703131187579,0.9037227607159175,0.23255244759715965,0.23255244759715965
6,11,3,0.0,0.8333333333333333,-0.5,0.0,3.596842909197555,-1.6479184330021646,0.9744622380976953,2.62238067109986,0.672179385371665,0.9204007535659422,0.2482213681942772,0.2482213681942772
6,11,4,0.0,0.8333333333333333,-0.33333333333333337,0.0,3.596842909197555,-1.039720770839918,1.2785610691788185,2.3182818400187366,0.6722466940467507,0.96707608177323,0.29482938772647926,0.29482938772647926
6,11,5,0.0,0.8333333333333333,-0.16666666666666674,0.0,3.596842909197555,-0.5047083549318196,1.5460672771328676,2.0507756320646875,0.6722467309970175,0.9670321144759007,0.29478538347888317,0.29478538347888317
6,11,6,0.0,0.8333333333333333,0.0,0.0,3.596842909197555,0.0,1.7984214545987776,1.7984214545987776,0.6722467309974326,0.9671554228025014,0.29490869180506885,0.29490869180506885
6,11,7,0.0,0.8333333333333333,0.16666666666666652,0.0,3.596842909197555,0.504708354931819,2.050775632064687,1.546067277132868,0.6722467310011101,0.9667999394138094,0.2945532084126993,0.2945532084126993
6,11,8,0.0,0.8333333333333333,0.33333333333333326,0.0,3.596842909197555,1.0397207708399177,2.318281840018736,1.2785610691788187,0.6722466940750355,0.9670355032247435,0.29478880914970806,0.29478880914970806
6,11,9,0.0,0.8333333333333333,0.5,0.0,3.596842909197555,1.6479184330021646,2.62238067109986,0.9744622380976953,0.6721793854035855,0.9212094813996128,0.24903009599602732,0.24903009599602732
6,11,10,0.0,0.8333333333333333,0.6666666666666665,0.0,3.596842909197555,2.41415686865115,3.0054998889243523,0.5913430202732026,0.6711703131218543,0.9091112947573534,0.23794098163549915,0.23794098163549915
6,11,11,0.0,0.8333333333333333,0.8333333333333333,0.0,3.596842909197555,3.596842909197555,3.596842909197555,0.0,0.5370272073051156,0.778830811533495,0.24180360422837943,0.24180360422837943
7,1,1,0.16666666666666652,-0.8333333333333334,-0.8333333333333334,0.3364722366212126,-3.596842909197556,-3.596842909197556,-3.596842909197556,0.0,0.48787124733505666,0.30852169284743725,-0.1793495544876194,0.1793495544876194
7,1,2,0.16666666666666652,-0.8333333333333334,-0.6666666666666667,0.3364722366212126,-3.596842909197556,-2.414156868651151,-3.0054998889243536,-0.5913430202732024,0.3325983708952548,0.10172334506669886,-0.23087502582855593,0.23087502582855593
7,1,3,0.16666666666666652,-0.8333333333333334,-0.5,0.3364722366212126,-3.596842909197556,-1.6479184330021646,-2.6223806710998603,-0.9744622380976957,0.3315732735809791,0.06102443171881758,-0.27054884186216155,0.27054884186216155
7,1,4,0.16666666666666652,-0.8333333333333334,-0.33333333333333337,0.3364722366212126,-3.596842909197556,-1.039720770839918,-2.318281840018737,-1.278561069178819,0.3315048958668529,0.058658432033397656,-0.27284646383345523,0.27284646383345523
7,1,5,0.16666666666666652,-0.8333333333333334,-0.16666666666666674,0.3364722366212126,-3.596842909197556,-0.5047083549318196,-2.050775632064688,-1.546067277132868,0.33150485826474596,0.058658455736140605,-0.27284640252860537,0.27284640252860537
7,1,6,0.16666666666666652,-0.8333333333333334,0.0,0.3364722366212126,-3.596842909197556,0.0,-1.798421454598778,-1.798421454598778,0.33150485825652487,0.058658092148684074,-0.2728467661078408,0.2728467661078408
7,1,7,0.16666666666666652,-0.8333333333333334,0.16666666666666652,0.3364722366212126,-3.596842909197556,0.504708354931819,-1.5460672771328685,-2.0507756320646875,0.3315048582646676,0.05865814859872337,-0.2728467096659442,0.2728467096659442
7,1,8,0.16666666666666652,-0.8333333333333334,0.33333333333333326,0.3364722366212126,-3.596842909197556,1.0397207708399177,-1.2785610691788192,-2.318281840018737,0.3315048958724206,0.058658661710095206,-0.2728462341623254,0.2728462341623254
7,1,9,0.16666666666666652,-0.8333333333333334,0.5,0.3364722366212126,-3.596842909197556,1.6479184330021646,-0.9744622380976957,-2.6223806710998603,0.3315732735768207,0.06159590211624813,-0.26997737146057255,0.26997737146057255
7,1,10,0.16666666666666652,-0.8333333333333334,0.6666666666666665,0.3364722366212126,-3.596842909197556,2.41415686865115,-0.5913430202732031,-3.005499888924353,0.3325983708695064,0.10853488590996435,-0.22406348495954204,0.22406348495954204
7,1,11,0.16666666666666652,-0.8333333333333334,0.8333333333333333,0.3364722366212126,-3.596842909197556,3.596842909197555,-4.440892098500626e-16,-3.5968429091975556,0.4878712472812836,0.3086501581200326,-0.179221089161251,0.179221089161251
7,2,1,0.16666666666666652,-0.6666666666666667,-0.8333333333333334,0.3364722366212126,-2.414156868651151,-3.596842909197556,-3.0054998889243536,0.5913430202732024,0.6105397852406915,0.6488232747578127,0.03828348951712113,0.03828348951712113
7,2,2,0.16666666666666652,-0.6666666666666667,-0.6666666666666667,0.3364722366212126,-2.414156868651151,-2.414156868651151,-2.414156868651151,0.0,0.4878712473145527,0.30852169271626395,-0.17934955459828877,0.17934955459828877
7,2,3,0.16666666666666652,-0.6666666666666667,-0.5,0.3364722366212126,-2.414156868651151,-1.6479184330021646,-2.031037650826658,-0.3831192178244933,0.3690824723497724,0.17176373400240313,-0.19731873834736924,0.19731873834736924
7,2,4,0.16666666666666652,-0.6666666666666667,-0.33333333333333337,0.3364722366212126,-2.414156868651151,-1.039720770839918,-1.7269388197455346,-0.6872180489056166,0.3323418417623264,0.08751775218855568,-0.24482408957377072,0.24482408957377072
7,2,5,0.16666666666666652,-0.6666666666666667,-0.16666666666666674,0.3364722366212126,-2.414156868651151,-0.5047083549318196,-1.4594326117914855,-0.9547242568596658,0.33162609256390196,0.07458073796936665,-0.2570453545945353,0.2570453545945353
7,2,6,0.16666666666666652,-0.6666666666666667,0.0,0.3364722366212126,-2.414156868651151,0.0,-1.2070784343255756,-1.2070784343255756,0.33150495774040006,0.058761448051270065,-0.27274350968912997,0.27274350968912997
7,2,7,0.16666666666666652,-0.6666666666666667,0.16666666666666652,0.3364722366212126,-2.414156868651151,0.504708354931819,-0.9547242568596661,-1.459432611791485,0.33162609256241093,0.07652109484048539,-0.2551049977219255,0.2551049977219255
7,2,8,0.16666666666666652,-0.6666666666666667,0.33333333333333326,0.3364722366212126,-2.414156868651151,1.0397207708399177,-0.6872180489056168,-1.7269388197455344,0.33234184176782744,0.08503420748359225,-0.2473076342842352,0.2473076342842352
7,2,9,0.16666666666666652,-0.6666666666666667,0.5,0.3364722366212126,-2.414156868651151,1.6479184330021646,-0.3831192178244933,-2.031037650826658,0.3690824723499998,0.15123050674115546,-0.21785196560884434,0.21785196560884434
7,2,10,0.16666666666666652,-0.6666666666666667,0.6666666666666665,0.3364722366212126,-2.414156868651151,2.41415686865115,-6.661338147750939e-16,-2.4141568686511503,0.48787124730534515,0.3086501582455923,-0.17922108905975287,0.17922108905975287
7,2,11,0.16666666666666652,-0.6666666666666667,0.8333333333333333,0.3364722366212126,-2.414156868651151,3.596842909197555,0.591343020273202,-3.005499888924353,0.6105397852411327,0.6490222076508738,0.03848242240974109,0.03848242240974109
7,3,1,0.16666666666666652,-0.5,-0.8333333333333334,0.3364722366212126,-1.6479184330021646,-3.596842909197556,-2.6223806710998603,0.9744622380976957,0.6112057850050581,0.6597418215739064,0.048536036568848306,0.048536036568848306
7,3,2,0.16666666666666652,-0.5,-0.6666666666666667,0.3364722366212126,-1.6479184330021646,-2.414156868651151,-2.031037650826658,0.3831192178244933,0.5817429270691581,0.5613319645552108,-0.02041096251394725,0.02041096251394725
7,3,3,0.16666666666666652,-0.5,-0.5,0.3364722366212126,-1.6479184330021646,-1.6479184330021646,-1.6479184330021646,0.0,0.4878712472945964,0.3085216997667136,-0.1793495475278828,0.1793495475278828
7,3,4,0.16666666666666652,-0.5,-0.33333333333333337,0.3364722366212126,-1.6479184330021646,-1.039720770839918,-1.3438196019210413,-0.30409883108112323,0.39358330771617256,0.1592355471485415,-0.23434776056763107,0.23434776056763107
7,3,5,0.16666666666666652,-0.5,-0.16666666666666674,0.3364722366212126,-1.6479184330021646,-0.5047083549318196,-1.0763133939669922,-0.5716050390351725,0.3326512516760969,0.09642091614978598,-0.2362303355263109,0.2362303355263109
7,3,6,0.16666666666666652,-0.5,0.0,0.3364722366212126,-1.6479184330021646,0.0,-0.8239592165010823,-0.8239592165010823,0.3324382918248845,0.07482063645013087,-0.2576176553747536,0.2576176553747536
7,3,7,0.16666666666666652,-0.5,0.16666666666666652,0.3364722366212126,-1.6479184330021646,0.504708354931819,-0.5716050390351728,-1.0763133939669918,0.33265125168695764,0.12025914821121958,-0.21239210347573806,0.21239210347573806
7,3,8,0.16666666666666652,-0.5,0.33333333333333326,0.3364722366212126,-1.6479184330021646,1.0397207708399177,-0.30409883108112346,-1.343819601921041,0.3935833077183262,0.15983970394217395,-0.23374360377615228,0.23374360377615228
7,3,9,0.16666666666666652,-0.5,0.5,0.3364722366212126,-1.6479184330021646,1.6479184330021646,0.0,-1.6479184330021646,0.48787124730354375,0.3086501678901542,-0.17922107941338955,0.17922107941338955
7,3,10,0.16666666666666652,-0.5,0.6666666666666665,0.3364722366212126,-1.6479184330021646,2.41415686865115,0.38311921782449265,-2.031037650826657,0.5817429270481063,0.5617874364356805,-0.01995549061242574,0.01995549061242574
7,3,11,0.16666666666666652,-0.5,0.8333333333333333,0.3364722366212126,-1.6479184330021646,3.596842909197555,0.9744622380976953,-2.62238067109986,0.6112057850223453,0.659741714736457,0.04853592971411169,0.04853592971411169
7,4,1,0.16666666666666652,-0.33333333333333337,-0.8333333333333334,0.3364722366212126,-1.039720770839918,-3.596842909197556,-2.318281840018737,1.278561069178819,0.6112502096631142,0.6613244141175649,0.050074204454450766,0.050074204454450766
7,4,2,0.16666666666666652,-0.33333333333333337,-0.6666666666666667,0.3364722366212126,-1.039720770839918,-2.414156868651151,-1.7269388197455346,0.6872180489056166,0.6107064507144493,0.6597768130997097,0.04907036238526041,0.04907036238526041
7,4,3,0.16666666666666652,-0.33333333333333337,-0.5,0.3364722366212126,-1.039720770839918,-1.6479184330021646,-1.3438196019210413,0.30409883108112323,0.5623813916952533,0.5201868071287326,-0.0421945845665207,0.0421945845665207
7,4,4,0.16666666666666652,-0.33333333333333337,-0.33333333333333337,0.3364722366212126,-1.039720770839918,-1.039720770839918,-1.039720770839918,0.0,0.4878712492179863,0.31012516429010173,-0.17774608492788457,0.17774608492788457
7,4,5,0.16666666666666652,-0.33333333333333337,-0.16666666666666674,0.3364722366212126,-1.039720770839918,-0.5047083549318196,-0.7722145628858689,-0.2675062079540492,0.40524426366362987,0.20785918365474293,-0.19738508000888694,0.19738508000888694
7,4,6,0.16666666666666652,-0.33333333333333337,0.0,0.3364722366212126,-1.039720770839918,0.0,-0.519860385419959,-0.519860385419959,0.33400905729646335,0.11847957495174571,-0.21552948234471764,0.21552948234471764
7,4,7,0.16666666666666652,-0.33333333333333337,0.16666666666666652,0.3364722366212126,-1.039720770839918,0.504708354931819,-0.26750620795404956,-0.7722145628858685,0.40524426365855637,0.20844702393031483,-0.19679723972824154,0.19679723972824154
7,4,8,0.16666666666666652,-0.33333333333333337,0.33333333333333326,0.3364722366212126,-1.039720770839918,1.0397207708399177,-2.220446049250313e-16,-1.0397207708399179,0.4878712492035656,0.31010972522211855,-0.17776152398144707,0.17776152398144707
7,4,9,0.16666666666666652,-0.33333333333333337,0.5,0.3364722366212126,-1.039720770839918,1.6479184330021646,0.30409883108112323,-1.3438196019210413,0.5623813917008462,0.5204887418613651,-0.041892649839481155,0.041892649839481155
7,4,10,0.16666666666666652,-0.33333333333333337,0.6666666666666665,0.3364722366212126,-1.039720770839918,2.41415686865115,0.6872180489056159,-1.726938819745534,0.6107064507051488,0.6597611492307409,0.04905469852559208,0.04905469852559208
7,4,11,0.16666666666666652,-0.33333333333333337,0.8333333333333333,0.3364722366212126,-1.039720770839918,3.596842909197555,1.2785610691788185,-2.3182818400187366,0.6112502096502794,0.6613244157465421,0.050074206096262674,0.050074206096262674
7,5,1,0.16666666666666652,-0.16666666666666674,-0.8333333333333334,0.3364722366212126,-0.5047083549318196,-3.596842909197556,-2.050775632064688,1.546067277132868,0.6112502341301636,0.6613243201660517,0.05007408603588814,0.05007408603588814
7,5,2,0.16666666666666652,-0.16666666666666674,-0.6666666666666667,0.3364722366212126,-0.5047083549318196,-2.414156868651151,-1.4594326117914855,0.9547242568596658,0.6111714733340416,0.6599262667292249,0.048754793395183293,0.048754793395183293
7,5,3,0.16666666666666652,-0.16666666666666674,-0.5,0.3364722366212126,-0.5047083549318196,-1.6479184330021646,-1.0763133939669922,0.5716050390351725,0.610505474244013,0.6508951138271031,0.04038963958309005,0.04038963958309005
7,5,4,0.16666666666666652,-0.16666666666666674,-0.33333333333333337,0.3364722366212126,-0.5047083549318196,-1.039720770839918,-0.7722145628858689,0.2675062079540492,0.5534248861263884,0.5430475123331113,-0.010377373793277078,0.010377373793277078
7,5,5,0.16666666666666652,-0.16666666666666674,-0.16666666666666674,0.3364722366212126,-0.5047083549318196,-0.5047083549318196,-0.5047083549318196,0.0,0.4879008290054025,0.3764572363118288,-0.11144359269357368,0.11144359269357368
7,5,6,0.16666666666666652,-0.16666666666666674,0.0,0.3364722366212126,-0.5047083549318196,0.0,-0.2523541774659098,-0.2523541774659098,0.4578007614556764,0.4612164874174325,0.0034157259617560998,0.0034157259617560998
7,5,7,0.16666666666666652,-0.16666666666666674,0.16666666666666652,0.3364722366212126,-0.5047083549318196,0.504708354931819,-3.3306690738754696e-16,-0.5047083549318193,0.48790082897912124,0.3765125098201173,-0.11138831915900393,0.11138831915900393
7,5,8,0.16666666666666652,-0.16666666666666674,0.33333333333333326,0.3364722366212126,-0.5047083549318196,1.0397207708399177,0.267506207954049,-0.7722145628858686,0.5534248861163595,0.5472432698950629,-0.0061816162212966486,0.0061816162212966486
7,5,9,0.16666666666666652,-0.16666666666666674,0.5,0.3364722366212126,-0.5047083549318196,1.6479184330021646,0.5716050390351725,-1.0763133939669922,0.6105054742289208,0.6521340890454934,0.04162861481657265,0.04162861481657265
7,5,10,0.16666666666666652,-0.16666666666666674,0.6666666666666665,0.3364722366212126,-0.5047083549318196,2.41415686865115,0.9547242568596651,-1.4594326117914846,0.6111714733336526,0.6599119467818055,0.04874047344815291,0.04874047344815291
7,5,11,0.16666666666666652,-0.16666666666666674,0.8333333333333333,0.3364722366212126,-0.5047083549318196,3.596842909197555,1.5460672771328676,-2.0507756320646875,0.6112502341276965,0.6613243201283627,0.05007408600066621,0.05007408600066621
7,6,1,0.16666666666666652,0.0,-0.8333333333333334,0.3364722366212126,0.0,-3.596842909197556,-1.798421454598778,1.798421454598778,0.61125023414124,0.6613243358365921,0.05007410169535209,0.05007410169535209
7,6,2,0.16666666666666652,0.0,-0.6666666666666667,0.3364722366212126,0.0,-2.414156868651151,-1.2070784343255756,1.2070784343255756,0.6112502022922499,0.6618216795234364,0.05057147723118649,0.05057147723118649
7,6,3,0.16666666666666652,0.0,-0.5,0.3364722366212126,0.0,-1.6479184330021646,-0.8239592165010823,0.8239592165010823,0.610948598382429,0.7094589089323058,0.0985103105498768,0.0985103105498768
7,6,4,0.16666666666666652,0.0,-0.33333333333333337,0.3364722366212126,0.0,-1.039720770839918,-0.519860385419959,0.519860385419959,0.610427635024281,0.720566262458372,0.11013862743409097,0.11013862743409097
7,6,5,0.16666666666666652,0.0,-0.16666666666666674,0.3364722366212126,0.0,-0.5047083549318196,-0.2523541774659098,0.2523541774659098,0.562772278037684,0.5903339326763377,0.027561654638653676,0.027561654638653676
7,6,6,0.16666666666666652,0.0,0.0,0.3364722366212126,0.0,0.0,0.0,0.0,0.5248944915567262,0.6618777783370964,0.1369832867803702,0.1369832867803702
7,6,7,0.16666666666666652,0.0,0.16666666666666652,0.3364722366212126,0.0,0.504708354931819,0.2523541774659095,-0.2523541774659095,0.5627722780456809,0.5971588607694778,0.03438658272379691,0.03438658272379691
7,6,8,0.16666666666666652,0.0,0.33333333333333326,0.3364722366212126,0.0,1.0397207708399177,0.5198603854199588,-0.5198603854199588,0.6104276350453068,0.7208356809543786,0.11040804590907172,0.11040804590907172
7,6,9,0.16666666666666652,0.0,0.5,0.3364722366212126,0.0,1.6479184330021646,0.8239592165010823,-0.8239592165010823,0.6109485983738655,0.712249572802764,0.10130097442889852,0.10130097442889852
7,6,10,0.16666666666666652,0.0,0.6666666666666665,0.3364722366212126,0.0,2.41415686865115,1.207078434325575,-1.207078434325575,0.6112502022886921,0.6620743015450701,0.050824099256377986,0.050824099256377986
7,6,11,0.16666666666666652,0.0,0.8333333333333333,0.3364722366212126,0.0,3.596842909197555,1.7984214545987776,-1.7984214545987776,0.6112502341347764,0.6613243232476138,0.050074089112837394,0.050074089112837394
7,7,1,0.16666666666666652,0.16666666666666652,-0.8333333333333334,0.3364722366212126,0.504708354931819,-3.596842909197556,-1.5460672771328685,2.0507756320646875,0.6112502341451131,0.6613282648829664,0.05007803073785322,0.05007803073785322
7,7,2,0.16666666666666652,0.16666666666666652,-0.6666666666666667,0.3364722366212126,0.504708354931819,-2.414156868651151,-0.9547242568596661,1.459432611791485,0.6112513728090286,0.6724825824652041,0.061231209656175456,0.061231209656175456
7,7,3,0.16666666666666652,0.16666666666666652,-0.5,0.3364722366212126,0.504708354931819,-1.6479184330021646,-0.5716050390351728,1.0763133939669918,0.6112609964566114,0.7622407908509241,0.15097979439431275,0.15097979439431275
7,7,4,0.16666666666666652,0.16666666666666652,-0.33333333333333337,0.3364722366212126,0.504708354931819,-1.039720770839918,-0.26750620795404956,0.7722145628858685,0.6182521352961041,0.8148422980836201,0.19659016278751595,0.19659016278751595
7,7,5,0.16666666666666652,0.16666666666666652,-0.16666666666666674,0.3364722366212126,0.504708354931819,-0.5047083549318196,-3.3306690738754696e-16,0.5047083549318193,0.6262957757237126,0.7490581122642845,0.12276233654057189,0.12276233654057189
7,7,6,0.16666666666666652,0.16666666666666652,0.0,0.3364722366212126,0.504708354931819,0.0,0.2523541774659095,0.2523541774659095,0.6363949830433437,0.9056348877666236,0.26923990472327985,0.26923990472327985
7,7,7,0.16666666666666652,0.16666666666666652,0.16666666666666652,0.3364722366212126,0.504708354931819,0.504708354931819,0.504708354931819,0.0,0.626295775758035,0.7550134330082654,0.12871765725023043,0.12871765725023043
7,7,8,0.16666666666666652,0.16666666666666652,0.33333333333333326,0.3364722366212126,0.504708354931819,1.0397207708399177,0.7722145628858683,-0.26750620795404934,0.6182521353097253,0.8148735070355309,0.19662137172580552,0.19662137172580552
7,7,9,0.16666666666666652,0.16666666666666652,0.5,0.3364722366212126,0.504708354931819,1.6479184330021646,1.0763133939669918,-0.5716050390351728,0.611260996462197,0.76177092550225,0.150509929040053,0.150509929040053
7,7,10,0.16666666666666652,0.16666666666666652,0.6666666666666665,0.3364722366212126,0.504708354931819,2.41415686865115,1.4594326117914844,-0.9547242568596654,0.6112513728340885,0.6771883195054895,0.06593694667140104,0.06593694667140104
7,7,11,0.16666666666666652,0.16666666666666652,0.8333333333333333,0.3364722366212126,0.504708354931819,3.596842909197555,2.050775632064687,-1.546067277132868,0.6112502341350635,0.661324616607692,0.05007438247262852,0.05007438247262852
7,8,1,0.16666666666666652,0.33333333333333326,-0.8333333333333334,0.3364722366212126,1.0397207708399177,-3.596842909197556,-1.2785610691788192,2.318281840018737,0.6112502345325551,0.6614838993218333,0.050233664789278154,0.050233664789278154
7,8,2,0.16666666666666652,0.33333333333333326,-0.6666666666666667,0.3364722366212126,1.0397207708399177,-2.414156868651151,-0.6872180489056168,1.7269388197455344,0.6112581263951989,0.7435224840843631,0.1322643576891641,0.1322643576891641
7,8,3,0.16666666666666652,0.33333333333333326,-0.5,0.3364722366212126,1.0397207708399177,-1.6479184330021646,-0.30409883108112346,1.343819601921041,0.6174820368987538,0.8481893133323262,0.23070727643357236,0.23070727643357236
7,8,4,0.16666666666666652,0.33333333333333326,-0.33333333333333337,0.3364722366212126,1.0397207708399177,-1.039720770839918,-2.220446049250313e-16,1.0397207708399179,0.627136121007375,0.890423881752652,0.26328776074527693,0.26328776074527693
7,8,5,0.16666666666666652,0.33333333333333326,-0.16666666666666674,0.3364722366212126,1.0397207708399177,-0.5047083549318196,0.267506207954049,0.7722145628858686,0.7022345447638285,0.9446420263167272,0.2424074815528987,0.2424074815528987
7,8,6,0.16666666666666652,0.33333333333333326,0.0,0.3364722366212126,1.0397207708399177,0.0,0.5198603854199588,0.5198603854199588,0.7642376283910044,0.9703856805035123,0.20614805211250786,0.20614805211250786
7,8,7,0.16666666666666652,0.33333333333333326,0.16666666666666652,0.3364722366212126,1.0397207708399177,0.504708354931819,0.7722145628858683,0.26750620795404934,0.702234544758146,0.9448178371513936,0.2425832923932476,0.2425832923932476
7,8,8,0.16666666666666652,0.33333333333333326,0.33333333333333326,0.3364722366212126,1.0397207708399177,1.0397207708399177,1.0397207708399177,0.0,0.6271361209934897,0.9011292930717949,0.2739931720783052,0.2739931720783052
7,8,9,0.16666666666666652,0.33333333333333326,0.5,0.3364722366212126,1.0397207708399177,1.6479184330021646,1.343819601921041,-0.30409883108112346,0.6174820368843774,0.8480049337505982,0.23052289686622074,0.23052289686622074
7,8,10,0.16666666666666652,0.33333333333333326,0.6666666666666665,0.3364722366212126,1.0397207708399177,2.41415686865115,1.7269388197455338,-0.6872180489056161,0.6112581263974333,0.7432018251222687,0.13194369872483547,0.13194369872483547
7,8,11,0.16666666666666652,0.33333333333333326,0.8333333333333333,0.3364722366212126,1.0397207708399177,3.596842909197555,2.318281840018736,-1.2785610691788187,0.6112502345327179,0.6614599065311,0.05020967199838211,0.05020967199838211
7,9,1,0.16666666666666652,0.5,-0.8333333333333334,0.3364722366212126,1.6479184330021646,-3.596842909197556,-0.9744622380976957,2.6223806710998603,0.6112508793253044,0.670252024523283,0.05900114519797861,0.05900114519797861
7,9,2,0.16666666666666652,0.5,-0.6666666666666667,0.3364722366212126,1.6479184330021646,-2.414156868651151,-0.3831192178244933,2.031037650826658,0.614973422113288,0.8152387833580998,0.20026536124481187,0.20026536124481187
7,9,3,0.16666666666666652,0.5,-0.5,0.3364722366212126,1.6479184330021646,-1.6479184330021646,0.0,1.6479184330021646,0.6271361704673788,0.9150586195190549,0.2879224490516761,0.2879224490516761
7,9,4,0.16666666666666652,0.5,-0.33333333333333337,0.3364722366212126,1.6479184330021646,-1.039720770839918,0.30409883108112323,1.3438196019210413,0.7148641348558865,0.9493190151368807,0.23445488028099415,0.23445488028099415
7,9,5,0.16666666666666652,0.5,-0.16666666666666674,0.3364722366212126,1.6479184330021646,-0.5047083549318196,0.5716050390351725,1.0763133939669922,0.7733746471509302,0.9770285896044852,0.20365394245355506,0.20365394245355506
7,9,6,0.16666666666666652,0.5,0.0,0.3364722366212126,1.6479184330021646,0.0,0.8239592165010823,0.8239592165010823,0.7762671365060472,0.9807231579373603,0.20445602143131314,0.20445602143131314
7,9,7,0.16666666666666652,0.5,0.16666666666666652,0.3364722366212126,1.6479184330021646,0.504708354931819,1.0763133939669918,0.5716050390351728,0.7733746471218707,0.9769832273148571,0.20360858019298644,0.20360858019298644
7,9,8,0.16666666666666652,0.5,0.33333333333333326,0.3364722366212126,1.6479184330021646,1.0397207708399177,1.343819601921041,0.30409883108112346,0.7148641348250665,0.9493545894728797,0.23449045464781315,0.23449045464781315
7,9,9,0.16666666666666652,0.5,0.5,0.3364722366212126,1.6479184330021646,1.6479184330021646,1.6479184330021646,0.0,0.6271361704378233,0.9151165484887809,0.28798037805095755,0.28798037805095755
7,9,10,0.16666666666666652,0.5,0.6666666666666665,0.3364722366212126,1.6479184330021646,2.41415686865115,2.031037650826657,-0.38311921782449265,0.6149734221108566,0.8149389722879461,0.1999655501770895,0.1999655501770895
7,9,11,0.16666666666666652,0.5,0.8333333333333333,0.3364722366212126,1.6479184330021646,3.596842909197555,2.62238067109986,-0.9744622380976953,0.6112508793360962,0.673261561790726,0.06201068245462982,0.06201068245462982
7,10,1,0.16666666666666652,0.6666666666666665,-0.8333333333333334,0.3364722366212126,2.41415686865115,-3.596842909197556,-0.5913430202732031,3.005499888924353,0.6112605453065046,0.7594388660887701,0.14817832078226545,0.14817832078226545
7,10,2,0.16666666666666652,0.6666666666666665,-0.6666666666666667,0.3364722366212126,2.41415686865115,-2.414156868651151,-6.661338147750939e-16,2.4141568686511503,0.6271361704568015,0.9150590942371251,0.2879229237803236,0.2879229237803236
7,10,3,0.16666666666666652,0.6666666666666665,-0.5,0.3364722366212126,2.41415686865115,-1.6479184330021646,0.38311921782449265,2.031037650826657,0.7376604994894099,0.9595278673898346,0.22186736790042472,0.22186736790042472
7,10,4,0.16666666666666652,0.6666666666666665,-0.33333333333333337,0.3364722366212126,2.41415686865115,-1.039720770839918,0.6872180489056159,1.726938819745534,0.7765988315517609,0.979652563602988,0.20305373205122712,0.20305373205122712
7,10,5,0.16666666666666652,0.6666666666666665,-0.16666666666666674,0.3364722366212126,2.41415686865115,-0.5047083549318196,0.9547242568596651,1.4594326117914846,0.7840571596762411,0.9877602716794691,0.203703112003228,0.203703112003228
7,10,6,0.16666666666666652,0.6666666666666665,0.0,0.3364722366212126,2.41415686865115,0.0,1.207078434325575,1.207078434325575,0.7853193256622215,0.9929562124558982,0.20763688679367664,0.20763688679367664
7,10,7,0.16666666666666652,0.6666666666666665,0.16666666666666652,0.3364722366212126,2.41415686865115,0.504708354931819,1.4594326117914844,0.9547242568596654,0.784057159661443,0.9877776253640906,0.20372046570264768,0.20372046570264768
7,10,8,0.16666666666666652,0.6666666666666665,0.33333333333333326,0.3364722366212126,2.41415686865115,1.0397207708399177,1.7269388197455338,0.6872180489056161,0.7765988315255822,0.9796152545540502,0.203016423028468,0.203016423028468
7,10,9,0.16666666666666652,0.6666666666666665,0.5,0.3364722366212126,2.41415686865115,1.6479184330021646,2.031037650826657,0.38311921782449265,0.7376604994698941,0.959494715799555,0.22183421632966094,0.22183421632966094
7,10,10,0.16666666666666652,0.6666666666666665,0.6666666666666665,0.3364722366212126,2.41415686865115,2.41415686865115,2.41415686865115,0.0,0.6271361704749643,0.9151171549783628,0.2879809845033985,0.2879809845033985
7,10,11,0.16666666666666652,0.6666666666666665,0.8333333333333333,0.3364722366212126,2.41415686865115,3.596842909197555,3.0054998889243523,-0.5913430202732026,0.61126054530163,0.7588556378895275,0.1475950925878975,0.1475950925878975
7,11,1,0.16666666666666652,0.8333333333333333,-0.8333333333333334,0.3364722366212126,3.596842909197555,-3.596842909197556,-4.440892098500626e-16,3.5968429091975556,0.6271361704523798,0.9150590942343635,0.2879229237819837,0.2879229237819837
7,11,2,0.16666666666666652,0.8333333333333333,-0.6666666666666667,0.3364722366212126,3.596842909197555,-2.414156868651151,0.591343020273202,3.005499888924353,0.7739256897964648,0.9782120921809165,0.20428640238445173,0.20428640238445173
7,11,3,0.16666666666666652,0.8333333333333333,-0.5,0.3364722366212126,3.596842909197555,-1.6479184330021646,0.9744622380976953,2.62238067109986,0.7846076369696532,0.9884443717751299,0.2038367348054767,0.2038367348054767
7,11,4,0.16666666666666652,0.8333333333333333,-0.33333333333333337,0.3364722366212126,3.596842909197555,-1.039720770839918,1.2785610691788185,2.3182818400187366,0.7853207818453323,0.9930754593231725,0.20775467747784027,0.20775467747784027
7,11,5,0.16666666666666652,0.8333333333333333,-0.16666666666666674,0.3364722366212126,3.596842909197555,-0.5047083549318196,1.5460672771328676,2.0507756320646875,0.7853216667980356,0.9932220571701404,0.20790039037210484,0.20790039037210484
7,11,6,0.16666666666666652,0.8333333333333333,0.0,0.3364722366212126,3.596842909197555,0.0,1.7984214545987776,1.7984214545987776,0.7853216668018791,0.9932234707240737,0.2079018039221946,0.2079018039221946
7,11,7,0.16666666666666652,0.8333333333333333,0.16666666666666652,0.3364722366212126,3.596842909197555,0.504708354931819,2.050775632064687,1.546067277132868,0.785321666789447,0.9932219919283729,0.20790032513892587,0.20790032513892587
7,11,8,0.16666666666666652,0.8333333333333333,0.33333333333333326,0.3364722366212126,3.596842909197555,1.0397207708399177,2.318281840018736,1.2785610691788187,0.7853207818612513,0.9930886935380554,0.20776791167680408,0.20776791167680408
7,11,9,0.16666666666666652,0.8333333333333333,0.5,0.3364722366212126,3.596842909197555,1.6479184330021646,2.62238067109986,0.9744622380976953,0.7846076369767216,0.9884664372905942,0.2038588003138726,0.2038588003138726
7,11,10,0.16666666666666652,0.8333333333333333,0.6666666666666665,0.3364722366212126,3.596842909197555,2.41415686865115,3.0054998889243523,0.5913430202732026,0.7739256897620147,0.9781661247359459,0.20424043497393118,0.20424043497393118
7,11,11,0.16666666666666652,0.8333333333333333,0.8333333333333333,0.3364722366212126,3.596842909197555,3.596842909197555,3.596842909197555,0.0,0.6271361704262947,0.9151171549478625,0.28798098452156784,0.28798098452156784
8,1,1,0.33333333333333326,-0.8333333333333334,-0.8333333333333334,0.6931471805599452,-3.596842909197556,-3.596842909197556,-3.596842909197556,0.0,0.49998285430851985,0.44381651865815275,-0.056166335650367105,0.056166335650367105
8,1,2,0.33333333333333326,-0.8333333333333334,-0.6666666666666667,0.6931471805599452,-3.596842909197556,-2.414156868651151,-3.0054998889243536,-0.5913430202732024,0.33443197399736074,0.11305223169497788,-0.22137974230238286,0.22137974230238286
8,1,3,0.33333333333333326,-0.8333333333333334,-0.5,0.6931471805599452,-3.596842909197556,-1.6479184330021646,-2.6223806710998603,-0.9744622380976957,0.33339909076084195,0.10828879883534606,-0.2251102919254959,0.2251102919254959
8,1,4,0.33333333333333326,-0.8333333333333334,-0.33333333333333337,0.6931471805599452,-3.596842909197556,-1.039720770839918,-2.318281840018737,-1.278561069178819,0.33333019364332583,0.1085696997528523,-0.22476049389047353,0.22476049389047353
8,1,5,0.33333333333333326,-0.8333333333333334,-0.16666666666666674,0.6931471805599452,-3.596842909197556,-0.5047083549318196,-2.050775632064688,-1.546067277132868,0.3333301557142574,0.10856983204261803,-0.22476032367163937,0.22476032367163937
8,1,6,0.33333333333333326,-0.8333333333333334,0.0,0.6931471805599452,-3.596842909197556,0.0,-1.798421454598778,-1.798421454598778,0.3333301557059221,0.10856983184264671,-0.2247603238632754,0.2247603238632754
8,1,7,0.33333333333333326,-0.8333333333333334,0.16666666666666652,0.6931471805599452,-3.596842909197556,0.504708354931819,-1.5460672771328685,-2.0507756320646875,0.3333301557142545,0.10856983192461606,-0.22476032378963845,0.22476032378963845
8,1,8,0.33333333333333326,-0.8333333333333334,0.33333333333333326,0.6931471805599452,-3.596842909197556,1.0397207708399177,-1.2785610691788192,-2.318281840018737,0.33333019364616534,0.10856971070719348,-0.22476048293897186,0.22476048293897186
8,1,9,0.33333333333333326,-0.8333333333333334,0.5,0.6931471805599452,-3.596842909197556,1.6479184330021646,-0.9744622380976957,-2.6223806710998603,0.33339909075575785,0.10829281186993694,-0.2251062788858209,0.2251062788858209
8,1,10,0.33333333333333326,-0.8333333333333334,0.6666666666666665,0.6931471805599452,-3.596842909197556,2.41415686865115,-0.5913430202732031,-3.005499888924353,0.33443197397809,0.11213051660074824,-0.22230145737734175,0.22230145737734175
8,1,11,0.33333333333333326,-0.8333333333333334,0.8333333333333333,0.6931471805599452,-3.596842909197556,3.596842909197555,-4.440892098500626e-16,-3.5968429091975556,0.49998285426012634,0.4767473066002107,-0.023235547659915645,0.023235547659915645
8,2,1,0.33333333333333326,-0.6666666666666667,-0.8333333333333334,0.6931471805599452,-2.414156868651151,-3.596842909197556,-3.0054998889243536,0.5913430202732024,0.664772592396299,0.6666555591197301,0.0018829667234310232,0.0018829667234310232
8,2,2,0.33333333333333326,-0.6666666666666667,-0.6666666666666667,0.6931471805599452,-2.414156868651151,-2.414156868651151,-2.414156868651151,0.0,0.4999828542983855,0.4438165185006845,-0.05616633579770103,0.05616633579770103
8,2,3,0.33333333333333326,-0.6666666666666667,-0.5,0.6931471805599452,-2.414156868651151,-1.6479184330021646,-2.031037650826658,-0.3831192178244933,0.3733201000989986,0.2123379191131351,-0.16098218098586348,0.16098218098586348
8,2,4,0.33333333333333326,-0.6666666666666667,-0.33333333333333337,0.6931471805599452,-2.414156868651151,-1.039720770839918,-1.7269388197455346,-0.6872180489056166,0.3341734964507715,0.10622904573845701,-0.22794445071231448,0.22794445071231448
8,2,5,0.33333333333333326,-0.6666666666666667,-0.16666666666666674,0.6931471805599452,-2.414156868651151,-0.5047083549318196,-1.4594326117914855,-0.9547242568596658,0.33345231093598215,0.10814883262178232,-0.22530347831419983,0.22530347831419983
8,2,6,0.33333333333333326,-0.6666666666666667,0.0,0.6931471805599452,-2.414156868651151,0.0,-1.2070784343255756,-1.2070784343255756,0.33333025605989547,0.10857390655152521,-0.22475634950837026,0.22475634950837026
8,2,7,0.33333333333333326,-0.6666666666666667,0.16666666666666652,0.6931471805599452,-2.414156868651151,0.504708354931819,-0.9547242568596661,-1.459432611791485,0.33345231093388517,0.10819465064867295,-0.2252576602852122,0.2252576602852122
8,2,8,0.33333333333333326,-0.6666666666666667,0.33333333333333326,0.6931471805599452,-2.414156868651151,1.0397207708399177,-0.6872180489056168,-1.7269388197455344,0.3341734964489214,0.10574053285527105,-0.22843296359365037,0.22843296359365037
8,2,9,0.33333333333333326,-0.6666666666666667,0.5,0.6931471805599452,-2.414156868651151,1.6479184330021646,-0.3831192178244933,-2.031037650826658,0.3733201000762693,0.2194146969151624,-0.1539054031611069,0.1539054031611069
8,2,10,0.33333333333333326,-0.6666666666666667,0.6666666666666665,0.6931471805599452,-2.414156868651151,2.41415686865115,-6.661338147750939e-16,-2.4141568686511503,0.4999828542997478,0.4767473070447149,-0.023235547255032907,0.023235547255032907
8,2,11,0.33333333333333326,-0.6666666666666667,0.8333333333333333,0.6931471805599452,-2.414156868651151,3.596842909197555,0.591343020273202,-3.005499888924353,0.6647725924028602,0.6666602204667853,0.001887628063925062,0.001887628063925062
8,3,1,0.33333333333333326,-0.5,-0.8333333333333334,0.6931471805599452,-1.6479184330021646,-3.596842909197556,-2.6223806710998603,0.9744622380976957,0.665772574566946,0.6666662604566143,0.0008936858896682054,0.0008936858896682054
8,3,2,0.33333333333333326,-0.5,-0.6666666666666667,0.6931471805599452,-1.6479184330021646,-2.414156868651151,-2.031037650826658,0.3831192178244933,0.6260684026427804,0.6658323690477419,0.03976396640496149,0.03976396640496149
8,3,3,0.33333333333333326,-0.5,-0.5,0.6931471805599452,-1.6479184330021646,-1.6479184330021646,-1.6479184330021646,0.0,0.4999828542781667,0.44381651831699986,-0.056166335961166824,0.056166335961166824
8,3,4,0.33333333333333326,-0.5,-0.33333333333333337,0.6931471805599452,-1.6479184330021646,-1.039720770839918,-1.3438196019210413,-0.30409883108112323,0.3994449859099453,0.283021566028244,-0.1164234198817013,0.1164234198817013
8,3,5,0.33333333333333326,-0.5,-0.16666666666666674,0.6931471805599452,-1.6479184330021646,-0.5047083549318196,-1.0763133939669922,-0.5716050390351725,0.33448525657347056,0.11068031101514458,-0.22380494555832597,0.22380494555832597
8,3,6,0.33333333333333326,-0.5,0.0,0.6931471805599452,-1.6479184330021646,0.0,-0.8239592165010823,-0.8239592165010823,0.3342708585698145,0.10478697580552804,-0.22948388276428644,0.22948388276428644
8,3,7,0.33333333333333326,-0.5,0.16666666666666652,0.6931471805599452,-1.6479184330021646,0.504708354931819,-0.5716050390351728,-1.0763133939669918,0.33448525658017214,0.12007458895833886,-0.21441066762183328,0.21441066762183328
8,3,8,0.33333333333333326,-0.5,0.33333333333333326,0.6931471805599452,-1.6479184330021646,1.0397207708399177,-0.30409883108112346,-1.343819601921041,0.3994449859121572,0.28874402075714034,-0.11070096515501687,0.11070096515501687
8,3,9,0.33333333333333326,-0.5,0.5,0.6931471805599452,-1.6479184330021646,1.6479184330021646,0.0,-1.6479184330021646,0.49998285428010125,0.4767473068633655,-0.023235547416735725,0.023235547416735725
8,3,10,0.33333333333333326,-0.5,0.6666666666666665,0.6931471805599452,-1.6479184330021646,2.41415686865115,0.38311921782449265,-2.031037650826657,0.6260684026251326,0.6658606213088685,0.039792218683735836,0.039792218683735836
8,3,11,0.33333333333333326,-0.5,0.8333333333333333,0.6931471805599452,-1.6479184330021646,3.596842909197555,0.9744622380976953,-2.62238067109986,0.66577257457344,0.666666268962105,0.000893694388665045,0.000893694388665045
8,4,1,0.33333333333333326,-0.33333333333333337,-0.8333333333333334,0.6931471805599452,-1.039720770839918,-3.596842909197556,-2.318281840018737,1.278561069178819,0.6658392770461892,0.6666662131636383,0.0008269361174491063,0.0008269361174491063
8,4,2,0.33333333333333326,-0.33333333333333337,-0.6666666666666667,0.6931471805599452,-1.039720770839918,-2.414156868651151,-1.7269388197455346,0.6872180489056166,0.6650228364784461,0.7230823060727607,0.05805946959431463,0.05805946959431463
8,4,3,0.33333333333333326,-0.33333333333333337,-0.5,0.6931471805599452,-1.039720770839918,-1.6479184330021646,-1.3438196019210413,0.30409883108112323,0.6000625845670277,0.6460942456636878,0.046031661096660126,0.046031661096660126
8,4,4,0.33333333333333326,-0.33333333333333337,-0.33333333333333337,0.6931471805599452,-1.039720770839918,-1.039720770839918,-1.039720770839918,0.0,0.4999828561040792,0.44384368099751736,-0.056139175106561856,0.056139175106561856
8,4,5,0.33333333333333326,-0.33333333333333337,-0.16666666666666674,0.6931471805599452,-1.039720770839918,-0.5047083549318196,-0.7722145628858689,-0.2675062079540492,0.41186029459660023,0.3037447975838158,-0.10811549701278445,0.10811549701278445
8,4,6,0.33333333333333326,-0.33333333333333337,0.0,0.6931471805599452,-1.039720770839918,0.0,-0.519860385419959,-0.519860385419959,0.33585470928751426,0.11889102873399629,-0.21696368055351797,0.21696368055351797
8,4,7,0.33333333333333326,-0.33333333333333337,0.16666666666666652,0.6931471805599452,-1.039720770839918,0.504708354931819,-0.26750620795404956,-0.7722145628858685,0.41186029458823,0.30160045569003024,-0.11025983889819974,0.11025983889819974
8,4,8,0.33333333333333326,-0.33333333333333337,0.33333333333333326,0.6931471805599452,-1.039720770839918,1.0397207708399177,-2.220446049250313e-16,-1.0397207708399179,0.4999828560763055,0.47675347829307335,-0.02322937778323214,0.02322937778323214
8,4,9,0.33333333333333326,-0.33333333333333337,0.5,0.6931471805599452,-1.039720770839918,1.6479184330021646,0.30409883108112323,-1.3438196019210413,0.6000625845684769,0.6533623701983815,0.05329978562990456,0.05329978562990456
8,4,10,0.33333333333333326,-0.33333333333333337,0.6666666666666665,0.6931471805599452,-1.039720770839918,2.41415686865115,0.6872180489056159,-1.726938819745534,0.6650228364704506,0.7366563892933968,0.07163355282294626,0.07163355282294626
8,4,11,0.33333333333333326,-0.33333333333333337,0.8333333333333333,0.6931471805599452,-1.039720770839918,3.596842909197555,1.2785610691788185,-2.3182818400187366,0.6658392770312631,0.6668441678755639,0.0010048908443007765,0.0010048908443007765
8,5,1,0.33333333333333326,-0.16666666666666674,-0.8333333333333334,0.6931471805599452,-0.5047083549318196,-3.596842909197556,-2.050775632064688,1.546067277132868,0.6658393137477159,0.6666662829578136,0.0008269692100977277,0.0008269692100977277
8,5,2,0.33333333333333326,-0.16666666666666674,-0.6666666666666667,0.6931471805599452,-0.5047083549318196,-2.414156868651151,-1.4594326117914855,0.9547242568596658,0.6657210563559214,0.7095240487805845,0.04380299242466312,0.04380299242466312
8,5,3,0.33333333333333326,-0.16666666666666674,-0.5,0.6931471805599452,-0.5047083549318196,-1.6479184330021646,-1.0763133939669922,0.5716050390351725,0.6647210744625875,0.8477484227169829,0.18302734825439537,0.18302734825439537
8,5,4,0.33333333333333326,-0.16666666666666674,-0.33333333333333337,0.6931471805599452,-0.5047083549318196,-1.039720770839918,-0.7722145628858689,0.2675062079540492,0.5880270332487966,0.6757884248769479,0.08776139162815133,0.08776139162815133
8,5,5,0.33333333333333326,-0.16666666666666674,-0.16666666666666674,0.6931471805599452,-0.5047083549318196,-0.5047083549318196,-0.5047083549318196,0.0,0.5000105280453997,0.4962391241614915,-0.0037714038839081754,0.0037714038839081754
8,5,6,0.33333333333333326,-0.16666666666666674,0.0,0.6931471805599452,-0.5047083549318196,0.0,-0.2523541774659098,-0.2523541774659098,0.46729666259338104,0.49207179424718905,0.024775131653808014,0.024775131653808014
8,5,7,0.33333333333333326,-0.16666666666666674,0.16666666666666652,0.6931471805599452,-0.5047083549318196,0.504708354931819,-3.3306690738754696e-16,-0.5047083549318193,0.5000105280303299,0.5084371585956868,0.008426630565356974,0.008426630565356974
8,5,8,0.33333333333333326,-0.16666666666666674,0.33333333333333326,0.6931471805599452,-0.5047083549318196,1.0397207708399177,0.267506207954049,-0.7722145628858686,0.5880270332423492,0.6816155908508916,0.09358855760854246,0.09358855760854246
8,5,9,0.33333333333333326,-0.16666666666666674,0.5,0.6931471805599452,-0.5047083549318196,1.6479184330021646,0.5716050390351725,-1.0763133939669922,0.6647210744575597,0.8185136100941601,0.15379253563660045,0.15379253563660045
8,5,10,0.33333333333333326,-0.16666666666666674,0.6666666666666665,0.6931471805599452,-0.5047083549318196,2.41415686865115,0.9547242568596651,-1.4594326117914846,0.6657210563536723,0.7419595823043454,0.07623852595067315,0.07623852595067315
8,5,11,0.33333333333333326,-0.16666666666666674,0.8333333333333333,0.6931471805599452,-0.5047083549318196,3.596842909197555,1.5460672771328676,-2.0507756320646875,0.6658393137450305,0.6666994726942497,0.000860158949219203,0.000860158949219203
8,6,1,0.33333333333333326,0.0,-0.8333333333333334,0.6931471805599452,0.0,-3.596842909197556,-1.798421454598778,1.798421454598778,0.6658393137614353,0.6668771429167288,0.0010378291552934904,0.0010378291552934904
8,6,2,0.33333333333333326,0.0,-0.6666666666666667,0.6931471805599452,0.0,-2.414156868651151,-1.2070784343255756,1.2070784343255756,0.6658392654196214,0.8471419665629847,0.18130270114336333,0.18130270114336333
8,6,3,0.33333333333333326,0.0,-0.5,0.6931471805599452,0.0,-1.6479184330021646,-0.8239592165010823,0.8239592165010823,0.6653815663656389,0.8878027300546392,0.22242116368900022,0.22242116368900022
8,6,4,0.33333333333333326,0.0,-0.33333333333333337,0.6931471805599452,0.0,-1.039720770839918,-0.519860385419959,0.519860385419959,0.6645909774286701,0.8733162273794379,0.2087252499507678,0.2087252499507678
8,6,5,0.33333333333333326,0.0,-0.16666666666666674,0.6931471805599452,0.0,-0.5047083549318196,-0.2523541774659098,0.2523541774659098,0.5935318335491324,0.7508130968497422,0.15728126330060976,0.15728126330060976
8,6,6,0.33333333333333326,0.0,0.0,0.6931471805599452,0.0,0.0,0.0,0.0,0.5370064472832929,0.6890551256443158,0.15204867836102287,0.15204867836102287
8,6,7,0.33333333333333326,0.0,0.16666666666666652,0.6931471805599452,0.0,0.504708354931819,0.2523541774659095,-0.2523541774659095,0.5935318335574546,0.7508184014456849,0.15728656788823026,0.15728656788823026
8,6,8,0.33333333333333326,0.0,0.33333333333333326,0.6931471805599452,0.0,1.0397207708399177,0.5198603854199588,-0.5198603854199588,0.6645909774510448,0.8776373355538543,0.21304635810280947,0.21304635810280947
8,6,9,0.33333333333333326,0.0,0.5,0.6931471805599452,0.0,1.6479184330021646,0.8239592165010823,-0.8239592165010823,0.6653815663647165,0.8764694503591459,0.21108788399442946,0.21108788399442946
8,6,10,0.33333333333333326,0.0,0.6666666666666665,0.6931471805599452,0.0,2.41415686865115,1.207078434325575,-1.207078434325575,0.6658392654136508,0.8001460127427753,0.1343067473291245,0.1343067473291245
8,6,11,0.33333333333333326,0.0,0.8333333333333333,0.6931471805599452,0.0,3.596842909197555,1.7984214545987776,-1.7984214545987776,0.6658393137613962,0.6766353004256298,0.010795986664233648,0.010795986664233648
8,7,1,0.33333333333333326,0.16666666666666652,-0.8333333333333334,0.6931471805599452,0.504708354931819,-3.596842909197556,-1.5460672771328685,2.0507756320646875,0.6658393137714422,0.7755838432065603,0.10974452943511803,0.10974452943511803
8,7,2,0.33333333333333326,0.16666666666666652,-0.6666666666666667,0.6931471805599452,0.504708354931819,-2.414156868651151,-0.9547242568596661,1.459432611791485,0.6658397757541341,0.890741812282053,0.22490203652791885,0.22490203652791885
8,7,3,0.33333333333333326,0.16666666666666652,-0.5,0.6931471805599452,0.504708354931819,-1.6479184330021646,-0.5716050390351728,1.0763133939669918,0.6658436754399565,0.8918440567109234,0.2260003812709669,0.2260003812709669
8,7,4,0.33333333333333326,0.16666666666666652,-0.33333333333333337,0.6931471805599452,0.504708354931819,-1.039720770839918,-0.26750620795404956,0.7722145628858685,0.667857924605902,0.8570610569434767,0.1892031323375747,0.1892031323375747
8,7,5,0.33333333333333326,0.16666666666666652,-0.16666666666666674,0.6931471805599452,0.504708354931819,-0.5047083549318196,-3.3306690738754696e-16,0.5047083549318193,0.6701780695533244,0.8340908280671162,0.16391275851379183,0.16391275851379183
8,7,6,0.33333333333333326,0.16666666666666652,0.0,0.6931471805599452,0.504708354931819,0.0,0.2523541774659095,0.2523541774659095,0.6740077341479027,0.9185589727009202,0.24455123855301752,0.24455123855301752
8,7,7,0.33333333333333326,0.16666666666666652,0.16666666666666652,0.6931471805599452,0.504708354931819,0.504708354931819,0.504708354931819,0.0,0.6701780695773507,0.8355900011335484,0.1654119315561977,0.1654119315561977
8,7,8,0.33333333333333326,0.16666666666666652,0.33333333333333326,0.6931471805599452,0.504708354931819,1.0397207708399177,0.7722145628858683,-0.26750620795404934,0.6678579246147075,0.8571508298933408,0.1892929052786333,0.1892929052786333
8,7,9,0.33333333333333326,0.16666666666666652,0.5,0.6931471805599452,0.504708354931819,1.6479184330021646,1.0763133939669918,-0.5716050390351728,0.6658436754581895,0.8916726327017503,0.2258289572435609,0.2258289572435609
8,7,10,0.33333333333333326,0.16666666666666652,0.6666666666666665,0.6931471805599452,0.504708354931819,2.41415686865115,1.4594326117914844,-0.9547242568596654,0.6658397757604504,0.8886240840637671,0.22278430830331675,0.22278430830331675
8,7,11,0.33333333333333326,0.16666666666666652,0.8333333333333333,0.6931471805599452,0.504708354931819,3.596842909197555,2.050775632064687,-1.546067277132868,0.6658393137713904,0.7659638591659197,0.10012454539452931,0.10012454539452931
8,8,1,0.33333333333333326,0.33333333333333326,-0.8333333333333334,0.6931471805599452,1.0397207708399177,-3.596842909197556,-1.2785610691788192,2.318281840018737,0.6658393139297588,0.8031827250941845,0.13734341116442572,0.13734341116442572
8,8,2,0.33333333333333326,0.33333333333333326,-0.6666666666666667,0.6931471805599452,1.0397207708399177,-2.414156868651151,-0.6872180489056168,1.7269388197455344,0.6658425497223824,0.891709781660921,0.22586723193853853,0.22586723193853853
8,8,3,0.33333333333333326,0.33333333333333326,-0.5,0.6931471805599452,1.0397207708399177,-1.6479184330021646,-0.30409883108112346,1.343819601921041,0.6680361881773607,0.8382390472813299,0.17020285910396926,0.17020285910396926
8,8,4,0.33333333333333326,0.33333333333333326,-0.33333333333333337,0.6931471805599452,1.0397207708399177,-1.039720770839918,-2.220446049250313e-16,1.0397207708399179,0.6714383742424531,0.9014916593466704,0.2300532851042173,0.2300532851042173
8,8,5,0.33333333333333326,0.33333333333333326,-0.16666666666666674,0.6931471805599452,1.0397207708399177,-0.5047083549318196,0.267506207954049,0.7722145628858686,0.7513791472533299,0.9726341621758208,0.2212550149224909,0.2212550149224909
8,8,6,0.33333333333333326,0.33333333333333326,0.0,0.6931471805599452,1.0397207708399177,0.0,0.5198603854199588,0.5198603854199588,0.8146888362743274,0.9816887610133767,0.16699992473904923,0.16699992473904923
8,8,7,0.33333333333333326,0.33333333333333326,0.16666666666666652,0.6931471805599452,1.0397207708399177,0.504708354931819,0.7722145628858683,0.26750620795404934,0.7513791472406902,0.9726421132375012,0.22126296599681095,0.22126296599681095
8,8,8,0.33333333333333326,0.33333333333333326,0.33333333333333326,0.6931471805599452,1.0397207708399177,1.0397207708399177,1.0397207708399177,0.0,0.671438374196164,0.9014895426098943,0.2300511684137303,0.2300511684137303
8,8,9,0.33333333333333326,0.33333333333333326,0.5,0.6931471805599452,1.0397207708399177,1.6479184330021646,1.343819601921041,-0.30409883108112346,0.6680361881549719,0.838239046886526,0.17020285873155405,0.17020285873155405
8,8,10,0.33333333333333326,0.33333333333333326,0.6666666666666665,0.6931471805599452,1.0397207708399177,2.41415686865115,1.7269388197455338,-0.6872180489056161,0.6658425497126546,0.8918545457881817,0.22601199607552713,0.22601199607552713
8,8,11,0.33333333333333326,0.33333333333333326,0.8333333333333333,0.6931471805599452,1.0397207708399177,3.596842909197555,2.318281840018736,-1.2785610691788187,0.6658393139307146,0.7971833654222151,0.13134405149150052,0.13134405149150052
8,9,1,0.33333333333333326,0.5,-0.8333333333333334,0.6931471805599452,1.6479184330021646,-3.596842909197556,-0.9744622380976957,2.6223806710998603,0.6658395783028276,0.8902047092410392,0.22436513093821164,0.22436513093821164
8,9,2,0.33333333333333326,0.5,-0.6666666666666667,0.6931471805599452,1.6479184330021646,-2.414156868651151,-0.3831192178244933,2.031037650826658,0.6671521397161867,0.8775319719072501,0.21037983219106338,0.21037983219106338
8,9,3,0.33333333333333326,0.5,-0.5,0.6931471805599452,1.6479184330021646,-1.6479184330021646,0.0,1.6479184330021646,0.6714384483629975,0.9014998578228983,0.23006140945990083,0.23006140945990083
8,9,4,0.33333333333333326,0.5,-0.33333333333333337,0.6931471805599452,1.6479184330021646,-1.039720770839918,0.30409883108112323,1.3438196019210413,0.7666299839341626,0.9760234017235414,0.2093934177893788,0.2093934177893788
8,9,5,0.33333333333333326,0.5,-0.16666666666666674,0.6931471805599452,1.6479184330021646,-0.5047083549318196,0.5716050390351725,1.0763133939669922,0.8350552934903033,0.9899979882363155,0.1549426947460122,0.1549426947460122
8,9,6,0.33333333333333326,0.5,0.0,0.6931471805599452,1.6479184330021646,0.0,0.8239592165010823,0.8239592165010823,0.8469096322625963,0.9938184016452776,0.14690876938268127,0.14690876938268127
8,9,7,0.33333333333333326,0.5,0.16666666666666652,0.6931471805599452,1.6479184330021646,0.504708354931819,1.0763133939669918,0.5716050390351728,0.8350552934748998,0.9899891577465838,0.15493386427168399,0.15493386427168399
8,9,8,0.33333333333333326,0.5,0.33333333333333326,0.6931471805599452,1.6479184330021646,1.0397207708399177,1.343819601921041,0.30409883108112346,0.766629983912001,0.9760223783236699,0.2093923944116689,0.2093923944116689
8,9,9,0.33333333333333326,0.5,0.5,0.6931471805599452,1.6479184330021646,1.6479184330021646,1.6479184330021646,0.0,0.6714384483256403,0.9014998229995856,0.23006137467394538,0.23006137467394538
8,9,10,0.33333333333333326,0.5,0.6666666666666665,0.6931471805599452,1.6479184330021646,2.41415686865115,2.031037650826657,-0.38311921782449265,0.6671521397035566,0.8775318227243631,0.21037968302080656,0.21037968302080656
8,9,11,0.33333333333333326,0.5,0.8333333333333333,0.6931471805599452,1.6479184330021646,3.596842909197555,2.62238067109986,-0.9744622380976953,0.6658395783108473,0.8870730182846083,0.221233439973761,0.221233439973761
8,10,1,0.33333333333333326,0.6666666666666665,-0.8333333333333334,0.6931471805599452,2.41415686865115,-3.596842909197556,-0.5913430202732031,3.005499888924353,0.6658435415278158,0.8919178028332233,0.22607426130540753,0.22607426130540753
8,10,2,0.33333333333333326,0.6666666666666665,-0.6666666666666667,0.6931471805599452,2.41415686865115,-2.414156868651151,-6.661338147750939e-16,2.4141568686511503,0.6714384483376115,0.9014998558088423,0.23006140747123083,0.23006140747123083
8,10,3,0.33333333333333326,0.6666666666666665,-0.5,0.6931471805599452,2.41415686865115,-1.6479184330021646,0.38311921782449265,2.031037650826657,0.7913660205237092,0.9837164958442235,0.1923504753205143,0.1923504753205143
8,10,4,0.33333333333333326,0.6666666666666665,-0.33333333333333337,0.6931471805599452,2.41415686865115,-1.039720770839918,0.6872180489056159,1.726938819745534,0.8468804945378408,0.9933063903668515,0.14642589582901078,0.14642589582901078
8,10,5,0.33333333333333326,0.6666666666666665,-0.16666666666666674,0.6931471805599452,2.41415686865115,-0.5047083549318196,0.9547242568596651,1.4594326117914846,0.873842247780604,0.9972379776965581,0.12339572991595404,0.12339572991595404
8,10,6,0.33333333333333326,0.6666666666666665,0.0,0.6931471805599452,2.41415686865115,0.0,1.207078434325575,1.207078434325575,0.8784394498398232,0.9975784126015836,0.11913896276176039,0.11913896276176039
8,10,7,0.33333333333333326,0.6666666666666665,0.16666666666666652,0.6931471805599452,2.41415686865115,0.504708354931819,1.4594326117914844,0.9547242568596654,0.8738422477691455,0.9972250546195001,0.12338280685035452,0.12338280685035452
8,10,8,0.33333333333333326,0.6666666666666665,0.33333333333333326,0.6931471805599452,2.41415686865115,1.0397207708399177,1.7269388197455338,0.6872180489056161,0.8468804945262363,0.993303484798822,0.14642299027258576,0.14642299027258576
8,10,9,0.33333333333333326,0.6666666666666665,0.5,0.6931471805599452,2.41415686865115,1.6479184330021646,2.031037650826657,0.38311921782449265,0.7913660205023355,0.9837325724150372,0.1923665519127017,0.1923665519127017
8,10,10,0.33333333333333326,0.6666666666666665,0.6666666666666665,0.6931471805599452,2.41415686865115,2.41415686865115,2.41415686865115,0.0,0.6714384483477119,0.9014998248389383,0.23006137649122638,0.23006137649122638
8,10,11,0.33333333333333326,0.6666666666666665,0.8333333333333333,0.6931471805599452,2.41415686865115,3.596842909197555,3.0054998889243523,-0.5913430202732026,0.6658435415026146,0.8914351796208244,0.22559163811820981,0.22559163811820981
8,11,1,0.33333333333333326,0.8333333333333333,-0.8333333333333334,0.6931471805599452,3.596842909197555,-3.596842909197556,-4.440892098500626e-16,3.5968429091975556,0.6714384483432088,0.9014998562734604,0.23006140793025165,0.23006140793025165
8,11,2,0.33333333333333326,0.8333333333333333,-0.6666666666666667,0.6931471805599452,3.596842909197555,-2.414156868651151,0.591343020273202,3.005499888924353,0.837187735598847,0.990327546714133,0.15313981111528607,0.15313981111528607
8,11,3,0.33333333333333326,0.8333333333333333,-0.5,0.6931471805599452,3.596842909197555,-1.6479184330021646,0.9744622380976953,2.62238067109986,0.8759203195024599,0.9973844932769207,0.12146417377446084,0.12146417377446084
8,11,4,0.33333333333333326,0.8333333333333333,-0.33333333333333337,0.6931471805599452,3.596842909197555,-1.039720770839918,1.2785610691788185,2.3182818400187366,0.8795455846280223,0.9981789407315758,0.11863335610355341,0.11863335610355341
8,11,5,0.33333333333333326,0.8333333333333333,-0.16666666666666674,0.6931471805599452,3.596842909197555,-0.5047083549318196,1.5460672771328676,2.0507756320646875,0.8803750757788165,0.9990660065809112,0.1186909308020947,0.1186909308020947
8,11,6,0.33333333333333326,0.8333333333333333,0.0,0.6931471805599452,3.596842909197555,0.0,1.7984214545987776,1.7984214545987776,0.8803750907243783,0.9993562596723813,0.11898116894800304,0.11898116894800304
8,11,7,0.33333333333333326,0.8333333333333333,0.16666666666666652,0.6931471805599452,3.596842909197555,0.504708354931819,2.050775632064687,1.546067277132868,0.8803750757610032,0.9990723646799358,0.11869728891893261,0.11869728891893261
8,11,8,0.33333333333333326,0.8333333333333333,0.33333333333333326,0.6931471805599452,3.596842909197555,1.0397207708399177,2.318281840018736,1.2785610691788187,0.8795455846305503,0.9981813384456972,0.1186357538151469,0.1186357538151469
8,11,9,0.33333333333333326,0.8333333333333333,0.5,0.6931471805599452,3.596842909197555,1.6479184330021646,2.62238067109986,0.9744622380976953,0.8759203194949774,0.9973723628601097,0.12145204336513227,0.12145204336513227
8,11,10,0.33333333333333326,0.8333333333333333,0.6666666666666665,0.6931471805599452,3.596842909197555,2.41415686865115,3.0054998889243523,0.5913430202732026,0.837187735553922,0.9903274199726073,0.1531396844186853,0.1531396844186853
8,11,11,0.33333333333333326,0.8333333333333333,0.8333333333333333,0.6931471805599452,3.596842909197555,3.596842909197555,3.596842909197555,0.0,0.6714384483178814,0.901499822362795,0.23006137404491367,0.23006137404491367
9,1,1,0.5,-0.8333333333333334,-0.8333333333333334,1.0986122886681098,-3.596842909197556,-3.596842909197556,-3.596842909197556,0.0,0.4999999984438144,0.44880676186493684,-0.05119323657887753,0.05119323657887753
9,1,2,0.5,-0.8333333333333334,-0.6666666666666667,1.0986122886681098,-3.596842909197556,-2.414156868651151,-3.0054998889243536,-0.5913430202732024,0.334435147319159,0.1996515513355488,-0.13478359598361023,0.13478359598361023
9,1,3,0.5,-0.8333333333333334,-0.5,1.0986122886681098,-3.596842909197556,-1.6479184330021646,-2.6223806710998603,-0.9744622380976957,0.3334022678304115,0.2068801967077616,-0.1265220711226499,0.1265220711226499
9,1,4,0.5,-0.8333333333333334,-0.33333333333333337,1.0986122886681098,-3.596842909197556,-1.039720770839918,-2.318281840018737,-1.278561069178819,0.33333337096861626,0.20734278131673617,-0.1259905896518801,0.1259905896518801
9,1,5,0.5,-0.8333333333333334,-0.16666666666666674,1.0986122886681098,-3.596842909197556,-0.5047083549318196,-2.050775632064688,-1.546067277132868,0.33333333303612384,0.20734303392686132,-0.12599029910926252,0.12599029910926252
9,1,6,0.5,-0.8333333333333334,0.0,1.0986122886681098,-3.596842909197556,0.0,-1.798421454598778,-1.798421454598778,0.33333333303576174,0.20734303392891623,-0.1259902991068455,0.1259902991068455
9,1,7,0.5,-0.8333333333333334,0.16666666666666652,1.0986122886681098,-3.596842909197556,0.504708354931819,-1.5460672771328685,-2.0507756320646875,0.33333333303613183,0.20734303392662928,-0.12599029910950255,0.12599029910950255
9,1,8,0.5,-0.8333333333333334,0.33333333333333326,1.0986122886681098,-3.596842909197556,1.0397207708399177,-1.2785610691788192,-2.318281840018737,0.33333337096869026,0.20734278133285405,-0.1259905896358362,0.1259905896358362
9,1,9,0.5,-0.8333333333333334,0.5,1.0986122886681098,-3.596842909197556,1.6479184330021646,-0.9744622380976957,-2.6223806710998603,0.3334022678301655,0.20688020278145275,-0.12652206504871277,0.12652206504871277
9,1,10,0.5,-0.8333333333333334,0.6666666666666665,1.0986122886681098,-3.596842909197556,2.41415686865115,-0.5913430202732031,-3.005499888924353,0.3344351473253765,0.1996462849282974,-0.1347888623970791,0.1347888623970791
9,1,11,0.5,-0.8333333333333334,0.8333333333333333,1.0986122886681098,-3.596842909197556,3.596842909197555,-4.440892098500626e-16,-3.5968429091975556,0.49999999842745285,0.49019262184362444,-0.009807376583828409,0.009807376583828409
9,2,1,0.5,-0.6666666666666667,-0.8333333333333334,1.0986122886681098,-2.414156868651151,-3.596842909197556,-3.0054998889243536,0.5913430202732024,0.6655647865809462,0.6666479205329556,0.0010831339520094296,0.0010831339520094296
9,2,2,0.5,-0.6666666666666667,-0.6666666666666667,1.0986122886681098,-2.414156868651151,-2.414156868651151,-2.414156868651151,0.0,0.49999999844262966,0.4488067618440209,-0.05119323659860875,0.05119323659860875
9,2,3,0.5,-0.6666666666666667,-0.5,1.0986122886681098,-2.414156868651151,-1.6479184330021646,-2.031037650826658,-0.3831192178244933,0.3733265385941435,0.32305724336777786,-0.05026929522636564,0.05026929522636564
9,2,4,0.5,-0.6666666666666667,-0.33333333333333337,1.0986122886681098,-2.414156868651151,-1.039720770839918,-1.7269388197455346,-0.6872180489056166,0.3341766707261045,0.20143522207571546,-0.13274144865038906,0.13274144865038906
9,2,5,0.5,-0.6666666666666667,-0.16666666666666674,1.0986122886681098,-2.414156868651151,-0.5047083549318196,-1.4594326117914855,-0.9547242568596658,0.3334554878359201,0.20651837500518816,-0.12693711283073195,0.12693711283073195
9,2,6,0.5,-0.6666666666666667,0.0,1.0986122886681098,-2.414156868651151,0.0,-1.2070784343255756,-1.2070784343255756,0.3333334333944536,0.20734237228110158,-0.125991061113352,0.125991061113352
9,2,7,0.5,-0.6666666666666667,0.16666666666666652,1.0986122886681098,-2.414156868651151,0.504708354931819,-0.9547242568596661,-1.459432611791485,0.33345548783809026,0.20651844569292932,-0.12693704214516094,0.12693704214516094
9,2,8,0.5,-0.6666666666666667,0.33333333333333326,1.0986122886681098,-2.414156868651151,1.0397207708399177,-0.6872180489056168,-1.7269388197455344,0.33417667072196905,0.20143434072917538,-0.13274232999279367,0.13274232999279367
9,2,9,0.5,-0.6666666666666667,0.5,1.0986122886681098,-2.414156868651151,1.6479184330021646,-0.3831192178244933,-2.031037650826658,0.3733265385527373,0.32333147511672566,-0.04999506343601162,0.04999506343601162
9,2,10,0.5,-0.6666666666666667,0.6666666666666665,1.0986122886681098,-2.414156868651151,2.41415686865115,-6.661338147750939e-16,-2.4141568686511503,0.4999999984593258,0.4901926223111933,-0.009807376148132485,0.009807376148132485
9,2,11,0.5,-0.6666666666666667,0.8333333333333333,1.0986122886681098,-2.414156868651151,3.596842909197555,0.591343020273202,-3.005499888924353,0.6655647865887596,0.666654011136921,0.001089224548161405,0.001089224548161405
9,3,1,0.5,-0.5,-0.8333333333333334,1.0986122886681098,-1.6479184330021646,-3.596842909197556,-2.6223806710998603,0.9744622380976957,0.6665976632917913,0.6666666658648832,6.900257309194746e-05,6.900257309194746e-05
9,3,2,0.5,-0.5,-0.6666666666666667,1.0986122886681098,-1.6479184330021646,-2.414156868651151,-2.031037650826658,0.3831192178244933,0.6266734105306544,0.6665112426799582,0.03983783214930381,0.03983783214930381
9,3,3,0.5,-0.5,-0.5,1.0986122886681098,-1.6479184330021646,-1.6479184330021646,-1.6479184330021646,0.0,0.49999999843850657,0.44880676190195123,-0.05119323653655533,0.05119323653655533
9,3,4,0.5,-0.5,-0.33333333333333337,1.0986122886681098,-1.6479184330021646,-1.039720770839918,-1.3438196019210413,-0.30409883108112323,0.3994536325049629,0.34183181495628123,-0.057621817548681675,0.057621817548681675
9,3,5,0.5,-0.5,-0.16666666666666674,1.0986122886681098,-1.6479184330021646,-0.5047083549318196,-1.0763133939669922,-0.5716050390351725,0.33448842973308074,0.19927199915439847,-0.13521643057868227,0.13521643057868227
9,3,6,0.5,-0.5,0.0,1.0986122886681098,-1.6479184330021646,0.0,-0.8239592165010823,-0.8239592165010823,0.33427403280289886,0.2007461803474806,-0.13352785245541826,0.13352785245541826
9,3,7,0.5,-0.5,0.16666666666666652,1.0986122886681098,-1.6479184330021646,0.504708354931819,-0.5716050390351728,-1.0763133939669918,0.33448842973594156,0.19935006746149525,-0.1351383622744463,0.1351383622744463
9,3,8,0.5,-0.5,0.33333333333333326,1.0986122886681098,-1.6479184330021646,1.0397207708399177,-0.30409883108112346,-1.343819601921041,0.39945363251801863,0.3466799682541809,-0.05277366426383773,0.05277366426383773
9,3,9,0.5,-0.5,0.5,1.0986122886681098,-1.6479184330021646,1.6479184330021646,0.0,-1.6479184330021646,0.499999998436569,0.4901926220105036,-0.009807376426065384,0.009807376426065384
9,3,10,0.5,-0.5,0.6666666666666665,1.0986122886681098,-1.6479184330021646,2.41415686865115,0.38311921782449265,-2.031037650826657,0.6266734105113454,0.666361843127016,0.039688432615670566,0.039688432615670566
9,3,11,0.5,-0.5,0.8333333333333333,1.0986122886681098,-1.6479184330021646,3.596842909197555,0.9744622380976953,-2.62238067109986,0.6665976632918088,0.6666666770441763,6.901375236745277e-05,6.901375236745277e-05
9,4,1,0.5,-0.33333333333333337,-0.8333333333333334,1.0986122886681098,-1.039720770839918,-3.596842909197556,-2.318281840018737,1.278561069178819,0.6666665599696975,0.6666828531121827,1.629314248519087e-05,1.629314248519087e-05
9,4,2,0.5,-0.33333333333333337,-0.6666666666666667,1.0986122886681098,-1.039720770839918,-2.414156868651151,-1.7269388197455346,0.6872180489056166,0.6658232624702054,0.7037573673328783,0.0379341048626729,0.0379341048626729
9,4,3,0.5,-0.33333333333333337,-0.5,1.0986122886681098,-1.039720770839918,-1.6479184330021646,-1.3438196019210413,0.30409883108112323,0.6005463424380542,0.6512489056922657,0.05070256325421152,0.05070256325421152
9,4,4,0.5,-0.33333333333333337,-0.33333333333333337,1.0986122886681098,-1.039720770839918,-1.039720770839918,-1.039720770839918,0.0,0.5000000002745317,0.44883397382971035,-0.05116602644482138,0.05116602644482138
9,4,5,0.5,-0.33333333333333337,-0.16666666666666674,1.0986122886681098,-1.039720770839918,-0.5047083549318196,-0.7722145628858689,-0.2675062079540492,0.4118699631908165,0.35106096594403735,-0.06080899724677913,0.06080899724677913
9,4,6,0.5,-0.33333333333333337,0.0,1.0986122886681098,-1.039720770839918,0.0,-0.519860385419959,-0.519860385419959,0.3358578797505726,0.19101029552666032,-0.14484758422391225,0.14484758422391225
9,4,7,0.5,-0.33333333333333337,0.16666666666666652,1.0986122886681098,-1.039720770839918,0.504708354931819,-0.26750620795404956,-0.7722145628858685,0.41186996318690494,0.3488993196408412,-0.06297064354606374,0.06297064354606374
9,4,8,0.5,-0.33333333333333337,0.33333333333333326,1.0986122886681098,-1.039720770839918,1.0397207708399177,-2.220446049250313e-16,-1.0397207708399179,0.5000000002667795,0.4901978844819872,-0.009802115784792287,0.009802115784792287
9,4,9,0.5,-0.33333333333333337,0.5,1.0986122886681098,-1.039720770839918,1.6479184330021646,0.30409883108112323,-1.3438196019210413,0.6005463424361984,0.6634206989286082,0.0628743564924098,0.0628743564924098
9,4,10,0.5,-0.33333333333333337,0.6666666666666665,1.0986122886681098,-1.039720770839918,2.41415686865115,0.6872180489056159,-1.726938819745534,0.6658232624612702,0.7194991660378378,0.053675903576567596,0.053675903576567596
9,4,11,0.5,-0.33333333333333337,0.8333333333333333,1.0986122886681098,-1.039720770839918,3.596842909197555,1.2785610691788185,-2.3182818400187366,0.6666665599693982,0.6910457537035879,0.02437919373418973,0.02437919373418973
9,5,1,0.5,-0.16666666666666674,-0.8333333333333334,1.0986122886681098,-0.5047083549318196,-3.596842909197556,-2.050775632064688,1.546067277132868,0.6666665979015222,0.6666691773065274,2.5794050052541095e-06,2.5794050052541095e-06
9,5,2,0.5,-0.16666666666666674,-0.6666666666666667,1.0986122886681098,-0.5047083549318196,-2.414156868651151,-1.4594326117914855,0.9547242568596658,0.666544450379367,0.7329958079311925,0.06645135755182541,0.06645135755182541
9,5,3,0.5,-0.16666666666666674,-0.5,1.0986122886681098,-0.5047083549318196,-1.6479184330021646,-1.0763133939669922,0.5716050390351725,0.6655115739397272,0.8773118369573729,0.21180026301764576,0.21180026301764576
9,5,4,0.5,-0.16666666666666674,-0.33333333333333337,1.0986122886681098,-0.5047083549318196,-1.039720770839918,-0.7722145628858689,0.2675062079540492,0.5884546433756445,0.6823652972586061,0.0939106538829616,0.0939106538829616
9,5,5,0.5,-0.16666666666666674,-0.16666666666666674,1.0986122886681098,-0.5047083549318196,-0.5047083549318196,-0.5047083549318196,0.0,0.5000276721652983,0.516137429945505,0.016109757780206735,0.016109757780206735
9,5,6,0.5,-0.16666666666666674,0.0,1.0986122886681098,-0.5047083549318196,0.0,-0.2523541774659098,-0.2523541774659098,0.46731113373668565,0.5366952494132762,0.06938411567659053,0.06938411567659053
9,5,7,0.5,-0.16666666666666674,0.16666666666666652,1.0986122886681098,-0.5047083549318196,0.504708354931819,-3.3306690738754696e-16,-0.5047083549318193,0.5000276721593253,0.5283928679919896,0.02836519583266428,0.02836519583266428
9,5,8,0.5,-0.16666666666666674,0.33333333333333326,1.0986122886681098,-0.5047083549318196,1.0397207708399177,0.267506207954049,-0.7722145628858686,0.5884546433731177,0.693482619131234,0.10502797575811629,0.10502797575811629
9,5,9,0.5,-0.16666666666666674,0.5,1.0986122886681098,-0.5047083549318196,1.6479184330021646,0.5716050390351725,-1.0763133939669922,0.6655115739410097,0.8656617051701772,0.20015013122916747,0.20015013122916747
9,5,10,0.5,-0.16666666666666674,0.6666666666666665,1.0986122886681098,-0.5047083549318196,2.41415686865115,0.9547242568596651,-1.4594326117914846,0.6665444503783436,0.7602503527947493,0.09370590241640564,0.09370590241640564
9,5,11,0.5,-0.16666666666666674,0.8333333333333333,1.0986122886681098,-0.5047083549318196,3.596842909197555,1.5460672771328676,-2.0507756320646875,0.6666665979015696,0.6681500245737715,0.0014834266722019152,0.0014834266722019152
9,6,1,0.5,0.0,-0.8333333333333334,1.0986122886681098,0.0,-3.596842909197556,-1.798421454598778,1.798421454598778,0.6666665979039831,0.6792905335858093,0.012623935681826182,0.012623935681826182
9,6,2,0.5,0.0,-0.6666666666666667,1.0986122886681098,0.0,-2.414156868651151,-1.2070784343255756,1.2070784343255756,0.6666665479442544,0.8798476458205609,0.21318109787630646,0.21318109787630646
9,6,3,0.5,0.0,-0.5,1.0986122886681098,0.0,-1.6479184330021646,-0.8239592165010823,0.8239592165010823,0.666193734299602,0.8888081470655085,0.22261441276590643,0.22261441276590643
9,6,4,0.5,0.0,-0.33333333333333337,1.0986122886681098,0.0,-1.039720770839918,-0.519860385419959,0.519860385419959,0.6653770363103134,0.8843182104042939,0.2189411740939805,0.2189411740939805
9,6,5,0.5,0.0,-0.16666666666666674,1.0986122886681098,0.0,-0.5047083549318196,-0.2523541774659098,0.2523541774659098,0.5939318880452746,0.8428950093514627,0.24896312130618803,0.24896312130618803
9,6,6,0.5,0.0,0.0,1.0986122886681098,0.0,0.0,0.0,0.0,0.5370272054821789,0.7565539869674422,0.2195267814852634,0.2195267814852634
9,6,7,0.5,0.0,0.16666666666666652,1.0986122886681098,0.0,0.504708354931819,0.2523541774659095,-0.2523541774659095,0.5939318880425807,0.8432054864707053,0.24927359842812458,0.24927359842812458
9,6,8,0.5,0.0,0.33333333333333326,1.0986122886681098,0.0,1.0397207708399177,0.5198603854199588,-0.5198603854199588,0.6653770363120761,0.8957569558907623,0.2303799195786862,0.2303799195786862
9,6,9,0.5,0.0,0.5,1.0986122886681098,0.0,1.6479184330021646,0.8239592165010823,-0.8239592165010823,0.6661937343083408,0.881355017466485,0.2151612831581442,0.2151612831581442
9,6,10,0.5,0.0,0.6666666666666665,1.0986122886681098,0.0,2.41415686865115,1.207078434325575,-1.207078434325575,0.6666665479446385,0.8428823819918512,0.17621583404721264,0.17621583404721264
9,6,11,0.5,0.0,0.8333333333333333,1.0986122886681098,0.0,3.596842909197555,1.7984214545987776,-1.7984214545987776,0.6666665979039996,0.6912460866116699,0.02457948870767024,0.02457948870767024
9,7,1,0.5,0.16666666666666652,-0.8333333333333334,1.0986122886681098,0.504708354931819,-3.596842909197556,-1.5460672771328685,2.0507756320646875,0.6666665979056858,0.7989610193150085,0.13229442140932268,0.13229442140932268
9,7,2,0.5,0.16666666666666652,-0.6666666666666667,1.0986122886681098,0.504708354931819,-2.414156868651151,-0.9547242568596661,1.459432611791485,0.6666670601262511,0.9215168446344106,0.25484978450815954,0.25484978450815954
9,7,3,0.5,0.16666666666666652,-0.5,1.0986122886681098,0.504708354931819,-1.6479184330021646,-0.5716050390351728,1.0763133939669918,0.6666709614352685,0.9329327272773811,0.2662617658421126,0.2662617658421126
9,7,4,0.5,0.16666666666666652,-0.33333333333333337,1.0986122886681098,0.504708354931819,-1.039720770839918,-0.26750620795404956,0.7722145628858685,0.6686564226885643,0.9099463540919397,0.2412899314033754,0.2412899314033754
9,7,5,0.5,0.16666666666666652,-0.16666666666666674,1.0986122886681098,0.504708354931819,-0.5047083549318196,-3.3306690738754696e-16,0.5047083549318193,0.6709420685942967,0.8610606288144134,0.19011856022011664,0.19011856022011664
9,7,6,0.5,0.16666666666666652,0.0,1.0986122886681098,0.504708354931819,0.0,0.2523541774659095,0.2523541774659095,0.6761045229267793,0.9355175567853391,0.25941303385855985,0.25941303385855985
9,7,7,0.5,0.16666666666666652,0.16666666666666652,1.0986122886681098,0.504708354931819,0.504708354931819,0.504708354931819,0.0,0.6709420685885091,0.8605941999546896,0.18965213136618042,0.18965213136618042
9,7,8,0.5,0.16666666666666652,0.33333333333333326,1.0986122886681098,0.504708354931819,1.0397207708399177,0.7722145628858683,-0.26750620795404934,0.668656422681963,0.9198017728254739,0.2511453501435109,0.2511453501435109
9,7,9,0.5,0.16666666666666652,0.5,1.0986122886681098,0.504708354931819,1.6479184330021646,1.0763133939669918,-0.5716050390351728,0.6666709614578378,0.9397492213522829,0.2730782598944451,0.2730782598944451
9,7,10,0.5,0.16666666666666652,0.6666666666666665,1.0986122886681098,0.504708354931819,2.41415686865115,1.4594326117914844,-0.9547242568596654,0.6666670601259933,0.9051111388741497,0.23844407874815643,0.23844407874815643
9,7,11,0.5,0.16666666666666652,0.8333333333333333,1.0986122886681098,0.504708354931819,3.596842909197555,2.050775632064687,-1.546067277132868,0.6666665979056754,0.7672574709668887,0.10059087306121328,0.10059087306121328
9,8,1,0.5,0.33333333333333326,-0.8333333333333334,1.0986122886681098,1.0397207708399177,-3.596842909197556,-1.2785610691788192,2.318281840018737,0.6666665980715765,0.804338558905247,0.1376719608336705,0.1376719608336705
9,8,2,0.5,0.33333333333333326,-0.6666666666666667,1.0986122886681098,1.0397207708399177,-2.414156868651151,-0.6872180489056168,1.7269388197455344,0.6666698369292583,0.9263323478035566,0.25966251087429826,0.25966251087429826
9,8,3,0.5,0.33333333333333326,-0.5,1.0986122886681098,1.0397207708399177,-1.6479184330021646,-0.30409883108112346,1.343819601921041,0.6688560033609744,0.925700333246608,0.25684432988563366,0.25684432988563366
9,8,4,0.5,0.33333333333333326,-0.33333333333333337,1.0986122886681098,1.0397207708399177,-1.039720770839918,-2.220446049250313e-16,1.0397207708399179,0.672246587317191,0.9522217331857679,0.27997514586857686,0.27997514586857686
9,8,5,0.5,0.33333333333333326,-0.16666666666666674,1.0986122886681098,1.0397207708399177,-0.5047083549318196,0.267506207954049,0.7722145628858686,0.7569702014505109,0.9787671241228841,0.22179692267237328,0.22179692267237328
9,8,6,0.5,0.33333333333333326,0.0,1.0986122886681098,1.0397207708399177,0.0,0.5198603854199588,0.5198603854199588,0.821912679760296,0.9846741226284323,0.16276144286813632,0.16276144286813632
9,8,7,0.5,0.33333333333333326,0.16666666666666652,1.0986122886681098,1.0397207708399177,0.504708354931819,0.7722145628858683,0.26750620795404934,0.7569702014382854,0.9788305866029252,0.2218603851646398,0.2218603851646398
9,8,8,0.5,0.33333333333333326,0.33333333333333326,1.0986122886681098,1.0397207708399177,1.0397207708399177,1.0397207708399177,0.0,0.6722465872592281,0.9513860088529051,0.279139421593677,0.279139421593677
9,8,9,0.5,0.33333333333333326,0.5,1.0986122886681098,1.0397207708399177,1.6479184330021646,1.343819601921041,-0.30409883108112346,0.6688560033446794,0.9257006296775028,0.25684462633282334,0.25684462633282334
9,8,10,0.5,0.33333333333333326,0.6666666666666665,1.0986122886681098,1.0397207708399177,2.41415686865115,1.7269388197455338,-0.6872180489056161,0.6666698369190991,0.9323396164865978,0.2656697795674987,0.2656697795674987
9,8,11,0.5,0.33333333333333326,0.8333333333333333,1.0986122886681098,1.0397207708399177,3.596842909197555,2.318281840018736,-1.2785610691788187,0.6666665980715432,0.7995411253849385,0.13287452731339533,0.13287452731339533
9,9,1,0.5,0.5,-0.8333333333333334,1.0986122886681098,1.6479184330021646,-3.596842909197556,-0.9744622380976957,2.6223806710998603,0.6666668627083228,0.9167081256287752,0.2500412629204525,0.2500412629204525
9,9,2,0.5,0.5,-0.6666666666666667,1.0986122886681098,1.6479184330021646,-2.414156868651151,-0.3831192178244933,2.031037650826658,0.6679749701499398,0.9485962730454816,0.28062130289554177,0.28062130289554177
9,9,3,0.5,0.5,-0.5,1.0986122886681098,1.6479184330021646,-1.6479184330021646,0.0,1.6479184330021646,0.672246664077464,0.954660150741337,0.282413486663873,0.282413486663873
9,9,4,0.5,0.5,-0.33333333333333337,1.0986122886681098,1.6479184330021646,-1.039720770839918,0.30409883108112323,1.3438196019210413,0.7744402300749922,0.9893217991792806,0.21488156910428846,0.21488156910428846
9,9,5,0.5,0.5,-0.16666666666666674,1.0986122886681098,1.6479184330021646,-0.5047083549318196,0.5716050390351725,1.0763133939669922,0.8541838031246283,0.9955842066055374,0.1414004034809091,0.1414004034809091
9,9,6,0.5,0.5,0.0,1.0986122886681098,1.6479184330021646,0.0,0.8239592165010823,0.8239592165010823,0.8783536833884987,0.9966710406998509,0.11831735731135218,0.11831735731135218
9,9,7,0.5,0.5,0.16666666666666652,1.0986122886681098,1.6479184330021646,0.504708354931819,1.0763133939669918,0.5716050390351728,0.854183803138842,0.9944803313899535,0.1402965282511115,0.1402965282511115
9,9,8,0.5,0.5,0.33333333333333326,1.0986122886681098,1.6479184330021646,1.0397207708399177,1.343819601921041,0.30409883108112346,0.7744402300745643,0.9893142226913589,0.21487399261679463,0.21487399261679463
9,9,9,0.5,0.5,0.5,1.0986122886681098,1.6479184330021646,1.6479184330021646,1.6479184330021646,0.0,0.6722466640480232,0.9546025565488383,0.28235589250081505,0.28235589250081505
9,9,10,0.5,0.5,0.6666666666666665,1.0986122886681098,1.6479184330021646,2.41415686865115,2.031037650826657,-0.38311921782449265,0.6679749701305087,0.9479047852897093,0.2799298151592007,0.2799298151592007
9,9,11,0.5,0.5,0.8333333333333333,1.0986122886681098,1.6479184330021646,3.596842909197555,2.62238067109986,-0.9744622380976953,0.6666668627062489,0.900288176280216,0.2336213135739671,0.2336213135739671
9,10,1,0.5,0.6666666666666665,-0.8333333333333334,1.0986122886681098,2.41415686865115,-3.596842909197556,-0.5913430202732031,3.005499888924353,0.6666708296752054,0.9352234524981535,0.2685526228229481,0.2685526228229481
9,10,2,0.5,0.6666666666666665,-0.6666666666666667,1.0986122886681098,2.41415686865115,-2.414156868651151,-6.661338147750939e-16,2.4141568686511503,0.67224666403288,0.954660369934327,0.282413705901447,0.282413705901447
9,10,3,0.5,0.6666666666666665,-0.5,1.0986122886681098,2.41415686865115,-1.6479184330021646,0.38311921782449265,2.031037650826657,0.8009960446716292,0.992821866233053,0.1918258215614238,0.1918258215614238
9,10,4,0.5,0.6666666666666665,-0.33333333333333337,1.0986122886681098,2.41415686865115,-1.039720770839918,0.6872180489056159,1.726938819745534,0.8776866470789809,0.9974695736910657,0.11978292661208478,0.11978292661208478
9,10,5,0.5,0.6666666666666665,-0.16666666666666674,1.0986122886681098,2.41415686865115,-0.5047083549318196,0.9547242568596651,1.4594326117914846,0.9309011179985842,0.9991261431584673,0.06822502515988305,0.06822502515988305
9,10,6,0.5,0.6666666666666665,0.0,1.0986122886681098,2.41415686865115,0.0,1.207078434325575,1.207078434325575,0.9408625626800247,0.9993984572072143,0.05853589452718966,0.05853589452718966
9,10,7,0.5,0.6666666666666665,0.16666666666666652,1.0986122886681098,2.41415686865115,0.504708354931819,1.4594326117914844,0.9547242568596654,0.9309011179818959,0.9991293854833354,0.06822826750143951,0.06822826750143951
9,10,8,0.5,0.6666666666666665,0.33333333333333326,1.0986122886681098,2.41415686865115,1.0397207708399177,1.7269388197455338,0.6872180489056161,0.8776866470893261,0.9967301364996817,0.11904348941035559,0.11904348941035559
9,10,9,0.5,0.6666666666666665,0.5,1.0986122886681098,2.41415686865115,1.6479184330021646,2.031037650826657,0.38311921782449265,0.8009960446627271,0.992779044297281,0.19178299963455392,0.19178299963455392
9,10,10,0.5,0.6666666666666665,0.6666666666666665,1.0986122886681098,2.41415686865115,2.41415686865115,2.41415686865115,0.0,0.6722466640423839,0.954602570089701,0.2823559060473171,0.2823559060473171
9,10,11,0.5,0.6666666666666665,0.8333333333333333,1.0986122886681098,2.41415686865115,3.596842909197555,3.0054998889243523,-0.5913430202732026,0.666670829637892,0.9368999187327518,0.27022908909485976,0.27022908909485976
9,11,1,0.5,0.8333333333333333,-0.8333333333333334,1.0986122886681098,3.596842909197555,-3.596842909197556,-4.440892098500626e-16,3.5968429091975556,0.6722466640779051,0.9546603717146447,0.28241370763673956,0.28241370763673956
9,11,2,0.5,0.8333333333333333,-0.6666666666666667,1.0986122886681098,3.596842909197555,-2.414156868651151,0.591343020273202,3.005499888924353,0.8585277714727463,0.9959746469557633,0.13744687548301704,0.13744687548301704
9,11,3,0.5,0.8333333333333333,-0.5,1.0986122886681098,3.596842909197555,-1.6479184330021646,0.9744622380976953,2.62238067109986,0.9350873361054806,0.9992400620739732,0.06415272596849264,0.06415272596849264
9,11,4,0.5,0.8333333333333333,-0.33333333333333337,1.0986122886681098,3.596842909197555,-1.039720770839918,1.2785610691788185,2.3182818400187366,0.9461288042539993,0.9996147487972031,0.05348594454320388,0.05348594454320388
9,11,5,0.5,0.8333333333333333,-0.16666666666666674,1.0986122886681098,3.596842909197555,-0.5047083549318196,1.5460672771328676,2.0507756320646875,0.950877265281559,0.9997382025232102,0.04886093724165119,0.04886093724165119
9,11,6,0.5,0.8333333333333333,0.0,1.0986122886681098,3.596842909197555,0.0,1.7984214545987776,1.7984214545987776,0.9509272711578903,0.9998664420613022,0.04893917090341182,0.04893917090341182
9,11,7,0.5,0.8333333333333333,0.16666666666666652,1.0986122886681098,3.596842909197555,0.504708354931819,2.050775632064687,1.546067277132868,0.9508772652602314,0.999737209004155,0.04885994374392355,0.04885994374392355
9,11,8,0.5,0.8333333333333333,0.33333333333333326,1.0986122886681098,3.596842909197555,1.0397207708399177,2.318281840018736,1.2785610691788187,0.9461288042457092,0.99961338049837,0.05348457625266079,0.05348457625266079
9,11,9,0.5,0.8333333333333333,0.5,1.0986122886681098,3.596842909197555,1.6479184330021646,2.62238067109986,0.9744622380976953,0.935087336100526,0.9992425128904279,0.0641551767899019,0.0641551767899019
9,11,10,0.5,0.8333333333333333,0.6666666666666665,1.0986122886681098,3.596842909197555,2.41415686865115,3.0054998889243523,0.5913430202732026,0.8585277714576784,0.9949421824453828,0.13641441098770435,0.13641441098770435
9,11,11,0.5,0.8333333333333333,0.8333333333333333,1.0986122886681098,3.596842909197555,3.596842909197555,3.596842909197555,0.0,0.6722466640472802,0.954602570280987,0.2823559062337069,0.2823559062337069
10,1,1,0.6666666666666665,-0.8333333333333334,-0.8333333333333334,1.6094379124340998,-3.596842909197556,-3.596842909197556,-3.596842909197556,0.0,0.5000000000168728,0.4488086076016463,-0.05119139241522652,0.05119139241522652
10,1,2,0.6666666666666665,-0.8333333333333334,-0.6666666666666667,1.6094379124340998,-3.596842909197556,-2.414156868651151,-3.0054998889243536,-0.5913430202732024,0.3344351476117035,0.3296904662904615,-0.004744681321242006,0.004744681321242006
10,1,3,0.6666666666666665,-0.8333333333333334,-0.5,1.6094379124340998,-3.596842909197556,-1.6479184330021646,-2.6223806710998603,-0.9744622380976957,0.33340226813177176,0.33098363735403746,-0.0024186307777342986,0.0024186307777342986
10,1,4,0.6666666666666665,-0.8333333333333334,-0.33333333333333337,1.6094379124340998,-3.596842909197556,-1.039720770839918,-2.318281840018737,-1.278561069178819,0.3333333712694494,0.3310493933144131,-0.0022839779550363204,0.0022839779550363204
10,1,5,0.6666666666666665,-0.8333333333333334,-0.16666666666666674,1.6094379124340998,-3.596842909197556,-0.5047083549318196,-2.050775632064688,-1.546067277132868,0.3333333333369032,0.3310494287465374,-0.0022839045903657595,0.0022839045903657595
10,1,6,0.6666666666666665,-0.8333333333333334,0.0,1.6094379124340998,-3.596842909197556,0.0,-1.798421454598778,-1.798421454598778,0.33333333333656157,0.33104942874685095,-0.002283904589710617,0.002283904589710617
10,1,7,0.6666666666666665,-0.8333333333333334,0.16666666666666652,1.6094379124340998,-3.596842909197556,0.504708354931819,-1.5460672771328685,-2.0507756320646875,0.3333333333369583,0.33104942874648313,-0.002283904590475172,0.002283904590475172
10,1,8,0.6666666666666665,-0.8333333333333334,0.33333333333333326,1.6094379124340998,-3.596842909197556,1.0397207708399177,-1.2785610691788192,-2.318281840018737,0.33333337126941853,0.33104939331470107,-0.0022839779547174643,0.0022839779547174643
10,1,9,0.6666666666666665,-0.8333333333333334,0.5,1.6094379124340998,-3.596842909197556,1.6479184330021646,-0.9744622380976957,-2.6223806710998603,0.3334022681316554,0.33098363744678094,-0.0024186306848744676,0.0024186306848744676
10,1,10,0.6666666666666665,-0.8333333333333334,0.6666666666666665,1.6094379124340998,-3.596842909197556,2.41415686865115,-0.5913430202732031,-3.005499888924353,0.33443514760028303,0.32969040996508936,-0.004744737635193674,0.004744737635193674
10,1,11,0.6666666666666665,-0.8333333333333334,0.8333333333333333,1.6094379124340998,-3.596842909197556,3.596842909197555,-4.440892098500626e-16,-3.5968429091975556,0.4999999999801016,0.49020026337239486,-0.009799736607706722,0.009799736607706722
10,2,1,0.6666666666666665,-0.6666666666666667,-0.8333333333333334,1.6094379124340998,-2.414156868651151,-3.596842909197556,-3.0054998889243536,0.5913430202732024,0.6655648523832945,0.6666479207655385,0.0010830683822439235,0.0010830683822439235
10,2,2,0.6666666666666665,-0.6666666666666667,-0.6666666666666667,1.6094379124340998,-2.414156868651151,-2.414156868651151,-2.414156868651151,0.0,0.49999999998125866,0.4488086069728531,-0.051191393008405583,0.051191393008405583
10,2,3,0.6666666666666665,-0.6666666666666667,-0.5,1.6094379124340998,-2.414156868651151,-1.6479184330021646,-2.031037650826658,-0.3831192178244933,0.373326539172523,0.3333566157545802,-0.03996992341794281,0.03996992341794281
10,2,4,0.6666666666666665,-0.6666666666666667,-0.33333333333333337,1.6094379124340998,-2.414156868651151,-1.039720770839918,-1.7269388197455346,-0.6872180489056166,0.3341766710224013,0.3300635747075521,-0.004113096314849185,0.004113096314849185
10,2,5,0.6666666666666665,-0.6666666666666667,-0.16666666666666674,1.6094379124340998,-2.414156868651151,-0.5047083549318196,-1.4594326117914855,-0.9547242568596658,0.3334554881362178,0.3309309466072633,-0.0025245415289544826,0.0025245415289544826
10,2,6,0.6666666666666665,-0.6666666666666667,0.0,1.6094379124340998,-2.414156868651151,0.0,-1.2070784343255756,-1.2070784343255756,0.33333343369494906,0.3310493351064189,-0.0022840985885301812,0.0022840985885301812
10,2,7,0.6666666666666665,-0.6666666666666667,0.16666666666666652,1.6094379124340998,-2.414156868651151,0.504708354931819,-0.9547242568596661,-1.459432611791485,0.333455488138236,0.3309309476649108,-0.0025245404733251764,0.0025245404733251764
10,2,8,0.6666666666666665,-0.6666666666666667,0.33333333333333326,1.6094379124340998,-2.414156868651151,1.0397207708399177,-0.6872180489056168,-1.7269388197455344,0.33417667103207804,0.3300635644144667,-0.0041131066176113285,0.0041131066176113285
10,2,9,0.6666666666666665,-0.6666666666666667,0.5,1.6094379124340998,-2.414156868651151,1.6479184330021646,-0.3831192178244933,-2.031037650826658,0.3733265391830438,0.33361155115974184,-0.03971498802330198,0.03971498802330198
10,2,10,0.6666666666666665,-0.6666666666666667,0.6666666666666665,1.6094379124340998,-2.414156868651151,2.41415686865115,-6.661338147750939e-16,-2.4141568686511503,0.5000000000112016,0.4902002638287283,-0.009799736182473318,0.009799736182473318
10,2,11,0.6666666666666665,-0.6666666666666667,0.8333333333333333,1.6094379124340998,-2.414156868651151,3.596842909197555,0.591343020273202,-3.005499888924353,0.6655648523627055,0.6666540112034298,0.001089158840724358,0.001089158840724358
10,3,1,0.6666666666666665,-0.5,-0.8333333333333334,1.6094379124340998,-1.6479184330021646,-3.596842909197556,-2.6223806710998603,0.9744622380976957,0.6665977318670926,0.666666666118757,6.893425166443201e-05,6.893425166443201e-05
10,3,2,0.6666666666666665,-0.5,-0.6666666666666667,1.6094379124340998,-1.6479184330021646,-2.414156868651151,-2.031037650826658,0.3831192178244933,0.6266734608091767,0.6665114889526567,0.03983802814347992,0.03983802814347992
10,3,3,0.6666666666666665,-0.5,-0.5,1.6094379124340998,-1.6479184330021646,-1.6479184330021646,-1.6479184330021646,0.0,0.4999999999992262,0.4488086074208062,-0.05119139257841998,0.05119139257841998
10,3,4,0.6666666666666665,-0.5,-0.33333333333333337,1.6094379124340998,-1.6479184330021646,-1.039720770839918,-1.3438196019210413,-0.30409883108112323,0.39945363329713723,0.34242148905932834,-0.05703214423780889,0.05703214423780889
10,3,5,0.6666666666666665,-0.5,-0.16666666666666674,1.6094379124340998,-1.6479184330021646,-0.5047083549318196,-1.0763133939669922,-0.5716050390351725,0.3344884300351274,0.3296099172874304,-0.004878512747697017,0.004878512747697017
10,3,6,0.6666666666666665,-0.5,0.0,1.6094379124340998,-1.6479184330021646,0.0,-0.8239592165010823,-0.8239592165010823,0.3342740330978427,0.3299263017159081,-0.004347731381934616,0.004347731381934616
10,3,7,0.6666666666666665,-0.5,0.16666666666666652,1.6094379124340998,-1.6479184330021646,0.504708354931819,-0.5716050390351728,-1.0763133939669918,0.33448843002040685,0.32961074105241983,-0.004877688967987015,0.004877688967987015
10,3,8,0.6666666666666665,-0.5,0.33333333333333326,1.6094379124340998,-1.6479184330021646,1.0397207708399177,-0.30409883108112346,-1.343819601921041,0.39945363330089734,0.34731106039062076,-0.052142572910276574,0.052142572910276574
10,3,9,0.6666666666666665,-0.5,0.5,1.6094379124340998,-1.6479184330021646,1.6479184330021646,0.0,-1.6479184330021646,0.4999999999941746,0.49020026361201785,-0.009799736382156754,0.009799736382156754
10,3,10,0.6666666666666665,-0.5,0.6666666666666665,1.6094379124340998,-1.6479184330021646,2.41415686865115,0.38311921782449265,-2.031037650826657,0.6266734608166137,0.666362060648348,0.03968859983173434,0.03968859983173434
10,3,11,0.6666666666666665,-0.5,0.8333333333333333,1.6094379124340998,-1.6479184330021646,3.596842909197555,0.9744622380976953,-2.62238067109986,0.6665977318554969,0.6666666772981324,6.894544263558178e-05,6.894544263558178e-05
10,4,1,0.6666666666666665,-0.33333333333333337,-0.8333333333333334,1.6094379124340998,-1.039720770839918,-3.596842909197556,-2.318281840018737,1.278561069178819,0.6666666287283181,0.6666828168457035,1.6188117385462775e-05,1.6188117385462775e-05
10,4,2,0.6666666666666665,-0.33333333333333337,-0.6666666666666667,1.6094379124340998,-1.039720770839918,-2.414156868651151,-1.7269388197455346,0.6872180489056166,0.6658233289746,0.7037568468086395,0.03793351783403953,0.03793351783403953
10,4,3,0.6666666666666665,-0.33333333333333337,-0.5,1.6094379124340998,-1.039720770839918,-1.6479184330021646,-1.3438196019210413,0.30409883108112323,0.6005463826733579,0.651250529354473,0.050704146681115114,0.050704146681115114
10,4,4,0.6666666666666665,-0.33333333333333337,-0.33333333333333337,1.6094379124340998,-1.039720770839918,-1.039720770839918,-1.039720770839918,0.0,0.500000001791253,0.44883581896842506,-0.051164182822827975,0.051164182822827975
10,4,5,0.6666666666666665,-0.33333333333333337,-0.16666666666666674,1.6094379124340998,-1.039720770839918,-0.5047083549318196,-0.7722145628858689,-0.2675062079540492,0.41186996406865894,0.35131577818291004,-0.0605541858857489,0.0605541858857489
10,4,6,0.6666666666666665,-0.33333333333333337,0.0,1.6094379124340998,-1.039720770839918,0.0,-0.519860385419959,-0.519860385419959,0.33585788004216033,0.3273011421845725,-0.008556737857587815,0.008556737857587815
10,4,7,0.6666666666666665,-0.33333333333333337,0.16666666666666652,1.6094379124340998,-1.039720770839918,0.504708354931819,-0.26750620795404956,-0.7722145628858685,0.4118699640642662,0.34914434017032614,-0.06272562389394004,0.06272562389394004
10,4,8,0.6666666666666665,-0.33333333333333337,0.33333333333333326,1.6094379124340998,-1.039720770839918,1.0397207708399177,-2.220446049250313e-16,-1.0397207708399179,0.5000000018181194,0.4902055260589605,-0.009794475759158927,0.009794475759158927
10,4,9,0.6666666666666665,-0.33333333333333337,0.5,1.6094379124340998,-1.039720770839918,1.6479184330021646,0.30409883108112323,-1.3438196019210413,0.6005463826681336,0.6634242237843886,0.06287784111625494,0.06287784111625494
10,4,10,0.6666666666666665,-0.33333333333333337,0.6666666666666665,1.6094379124340998,-1.039720770839918,2.41415686865115,0.6872180489056159,-1.726938819745534,0.6658233289701463,0.7194983727174677,0.05367504374732146,0.05367504374732146
10,4,11,0.6666666666666665,-0.33333333333333337,0.8333333333333333,1.6094379124340998,-1.039720770839918,3.596842909197555,1.2785610691788185,-2.3182818400187366,0.6666666287247429,0.6910358019330132,0.024369173208270256,0.024369173208270256
10,5,1,0.6666666666666665,-0.16666666666666674,-0.8333333333333334,1.6094379124340998,-0.5047083549318196,-3.596842909197556,-2.050775632064688,1.546067277132868,0.6666666666600141,0.6666691769561706,2.5102961564993365e-06,2.5102961564993365e-06
10,5,2,0.6666666666666665,-0.16666666666666674,-0.6666666666666667,1.6094379124340998,-0.5047083549318196,-2.414156868651151,-1.4594326117914855,0.9547242568596658,0.666544518811026,0.7330025877147321,0.06645806890370609,0.06645806890370609
10,5,3,0.6666666666666665,-0.16666666666666674,-0.5,1.6094379124340998,-0.5047083549318196,-1.6479184330021646,-1.0763133939669922,0.5716050390351725,0.6655116395996055,0.8773173794621114,0.21180573986250595,0.21180573986250595
10,5,4,0.6666666666666665,-0.16666666666666674,-0.33333333333333337,1.6094379124340998,-0.5047083549318196,-1.039720770839918,-0.7722145628858689,0.2675062079540492,0.5884546789537485,0.6823680398365359,0.09391336088278746,0.09391336088278746
10,5,5,0.6666666666666665,-0.16666666666666674,-0.16666666666666674,1.6094379124340998,-0.5047083549318196,-0.5047083549318196,-0.5047083549318196,0.0,0.5000276737498353,0.5161544811147194,0.016126807364884144,0.016126807364884144
10,5,6,0.6666666666666665,-0.16666666666666674,0.0,1.6094379124340998,-0.5047083549318196,0.0,-0.2523541774659098,-0.2523541774659098,0.46731113504781097,0.5375183501680718,0.07020721512026085,0.07020721512026085
10,5,7,0.6666666666666665,-0.16666666666666674,0.16666666666666652,1.6094379124340998,-0.5047083549318196,0.504708354931819,-3.3306690738754696e-16,-0.5047083549318193,0.5000276737272252,0.5284138913631471,0.028386217635921862,0.028386217635921862
10,5,8,0.6666666666666665,-0.16666666666666674,0.33333333333333326,1.6094379124340998,-0.5047083549318196,1.0397207708399177,0.267506207954049,-0.7722145628858686,0.5884546789478424,0.6934880668842549,0.10503338793641248,0.10503338793641248
10,5,9,0.6666666666666665,-0.16666666666666674,0.5,1.6094379124340998,-0.5047083549318196,1.6479184330021646,0.5716050390351725,-1.0763133939669922,0.665511639606382,0.8656609665584312,0.20014932695204912,0.20014932695204912
10,5,10,0.6666666666666665,-0.16666666666666674,0.6666666666666665,1.6094379124340998,-0.5047083549318196,2.41415686865115,0.9547242568596651,-1.4594326117914846,0.6665445188104028,0.7602586052527192,0.09371408644231638,0.09371408644231638
10,5,11,0.6666666666666665,-0.16666666666666674,0.8333333333333333,1.6094379124340998,-0.5047083549318196,3.596842909197555,1.5460672771328676,-2.0507756320646875,0.6666666666599361,0.6681496058533571,0.0014829391934210179,0.0014829391934210179
10,6,1,0.6666666666666665,0.0,-0.8333333333333334,1.6094379124340998,0.0,-3.596842909197556,-1.798421454598778,1.798421454598778,0.6666666666619578,0.6792901407798335,0.012623474117875677,0.012623474117875677
10,6,2,0.6666666666666665,0.0,-0.6666666666666667,1.6094379124340998,0.0,-2.414156868651151,-1.2070784343255756,1.2070784343255756,0.6666666167020661,0.879850999799834,0.213184383097768,0.213184383097768
10,6,3,0.6666666666666665,0.0,-0.5,1.6094379124340998,0.0,-1.6479184330021646,-0.8239592165010823,0.8239592165010823,0.6661938017862913,0.8888139969377837,0.22262019515149245,0.22262019515149245
10,6,4,0.6666666666666665,0.0,-0.33333333333333337,1.6094379124340998,0.0,-1.039720770839918,-0.519860385419959,0.519860385419959,0.6653771016282661,0.8843298106818218,0.21895270905355568,0.21895270905355568
10,6,5,0.6666666666666665,0.0,-0.16666666666666674,1.6094379124340998,0.0,-0.5047083549318196,-0.2523541774659098,0.2523541774659098,0.5939319212887691,0.8486640916942412,0.254732170405472,0.254732170405472
10,6,6,0.6666666666666665,0.0,0.0,1.6094379124340998,0.0,0.0,0.0,0.0,0.5370272073108066,0.758401653862778,0.22137444655197147,0.22137444655197147
10,6,7,0.6666666666666665,0.0,0.16666666666666652,1.6094379124340998,0.0,0.504708354931819,0.2523541774659095,-0.2523541774659095,0.5939319212673226,0.8491565156165697,0.25522459434924705,0.25522459434924705
10,6,8,0.6666666666666665,0.0,0.33333333333333326,1.6094379124340998,0.0,1.0397207708399177,0.5198603854199588,-0.5198603854199588,0.665377101582765,0.8957876755624006,0.2304105739796356,0.2304105739796356
10,6,9,0.6666666666666665,0.0,0.5,1.6094379124340998,0.0,1.6479184330021646,0.8239592165010823,-0.8239592165010823,0.666193801782687,0.8813583168243924,0.21516451504170542,0.21516451504170542
10,6,10,0.6666666666666665,0.0,0.6666666666666665,1.6094379124340998,0.0,2.41415686865115,1.207078434325575,-1.207078434325575,0.6666666167019355,0.8428824446515544,0.17621582794961888,0.17621582794961888
10,6,11,0.6666666666666665,0.0,0.8333333333333333,1.6094379124340998,0.0,3.596842909197555,1.7984214545987776,-1.7984214545987776,0.6666666666619396,0.6912454140377846,0.024578747375844978,0.024578747375844978
10,7,1,0.6666666666666665,0.16666666666666652,-0.8333333333333334,1.6094379124340998,0.504708354931819,-3.596842909197556,-1.5460672771328685,2.0507756320646875,0.6666666666634344,0.7989605440714207,0.13229387740798626,0.13229387740798626
10,7,2,0.6666666666666665,0.16666666666666652,-0.6666666666666667,1.6094379124340998,0.504708354931819,-2.414156868651151,-0.9547242568596661,1.459432611791485,0.6666671288834985,0.9217792221573062,0.2551120932738077,0.2551120932738077
10,7,3,0.6666666666666665,0.16666666666666652,-0.5,1.6094379124340998,0.504708354931819,-1.6479184330021646,-0.5716050390351728,1.0763133939669918,0.6666710301862977,0.9340715226532645,0.26740049246696684,0.26740049246696684
10,7,4,0.6666666666666665,0.16666666666666652,-0.33333333333333337,1.6094379124340998,0.504708354931819,-1.039720770839918,-0.26750620795404956,0.7722145628858685,0.6686564889225061,0.9111089956662553,0.24245250674374919,0.24245250674374919
10,7,5,0.6666666666666665,0.16666666666666652,-0.16666666666666674,1.6094379124340998,0.504708354931819,-0.5047083549318196,-3.3306690738754696e-16,0.5047083549318193,0.6709421318186317,0.8610602057904369,0.19011807397180513,0.19011807397180513
10,7,6,0.6666666666666665,0.16666666666666652,0.0,1.6094379124340998,0.504708354931819,0.0,0.2523541774659095,0.2523541774659095,0.6761047460511155,0.9355176938535084,0.2594129478023929,0.2594129478023929
10,7,7,0.6666666666666665,0.16666666666666652,0.16666666666666652,1.6094379124340998,0.504708354931819,0.504708354931819,0.504708354931819,0.0,0.6709421318068649,0.8605936272286323,0.1896514954217674,0.1896514954217674
10,7,8,0.6666666666666665,0.16666666666666652,0.33333333333333326,1.6094379124340998,0.504708354931819,1.0397207708399177,0.7722145628858683,-0.26750620795404934,0.6686564889084415,0.9234868698678118,0.2548303809593703,0.2548303809593703
10,7,9,0.6666666666666665,0.16666666666666652,0.5,1.6094379124340998,0.504708354931819,1.6479184330021646,1.0763133939669918,-0.5716050390351728,0.666671030188682,0.9431632311368452,0.2764922009481632,0.2764922009481632
10,7,10,0.6666666666666665,0.16666666666666652,0.6666666666666665,1.6094379124340998,0.504708354931819,2.41415686865115,1.4594326117914844,-0.9547242568596654,0.6666671288844657,0.9051532486003635,0.23848611971589784,0.23848611971589784
10,7,11,0.6666666666666665,0.16666666666666652,0.8333333333333333,1.6094379124340998,0.504708354931819,3.596842909197555,2.050775632064687,-1.546067277132868,0.6666666666634657,0.7672558463853911,0.10058917972192538,0.10058917972192538
10,8,1,0.6666666666666665,0.33333333333333326,-0.8333333333333334,1.6094379124340998,1.0397207708399177,-3.596842909197556,-1.2785610691788192,2.318281840018737,0.6666666668294966,0.8043387353987013,0.13767206856920466,0.13767206856920466
10,8,2,0.6666666666666665,0.33333333333333326,-0.6666666666666667,1.6094379124340998,1.0397207708399177,-2.414156868651151,-0.6872180489056168,1.7269388197455344,0.666669905676312,0.9268149299855855,0.26014502430927344,0.26014502430927344
10,8,3,0.6666666666666665,0.33333333333333326,-0.5,1.6094379124340998,1.0397207708399177,-1.6479184330021646,-0.30409883108112346,1.343819601921041,0.668856071395824,0.9697730985596926,0.3009170271638686,0.3009170271638686
10,8,4,0.6666666666666665,0.33333333333333326,-0.33333333333333337,1.6094379124340998,1.0397207708399177,-1.039720770839918,-2.220446049250313e-16,1.0397207708399179,0.6722466542234856,0.956700241866852,0.28445358764336637,0.28445358764336637
10,8,5,0.6666666666666665,0.33333333333333326,-0.16666666666666674,1.6094379124340998,1.0397207708399177,-0.5047083549318196,0.267506207954049,0.7722145628858686,0.7569710992590211,0.9787758731887122,0.2218047739296911,0.2218047739296911
10,8,6,0.6666666666666665,0.33333333333333326,0.0,1.6094379124340998,1.0397207708399177,0.0,0.5198603854199588,0.5198603854199588,0.8219172120637163,0.9846782393540507,0.16276102729033448,0.16276102729033448
10,8,7,0.6666666666666665,0.33333333333333326,0.16666666666666652,1.6094379124340998,1.0397207708399177,0.504708354931819,0.7722145628858683,0.26750620795404934,0.7569710992683372,0.9788395762620501,0.22186847699371293,0.22186847699371293
10,8,8,0.6666666666666665,0.33333333333333326,0.33333333333333326,1.6094379124340998,1.0397207708399177,1.0397207708399177,1.0397207708399177,0.0,0.672246654222235,0.954959561425901,0.28271290720366604,0.28271290720366604
10,8,9,0.6666666666666665,0.33333333333333326,0.5,1.6094379124340998,1.0397207708399177,1.6479184330021646,1.343819601921041,-0.30409883108112346,0.6688560713939212,0.9712923491539522,0.302436277760031,0.302436277760031
10,8,10,0.6666666666666665,0.33333333333333326,0.6666666666666665,1.6094379124340998,1.0397207708399177,2.41415686865115,1.7269388197455338,-0.6872180489056161,0.6666699056911688,0.9334387314376051,0.26676882574643634,0.26676882574643634
10,8,11,0.6666666666666665,0.33333333333333326,0.8333333333333333,1.6094379124340998,1.0397207708399177,3.596842909197555,2.318281840018736,-1.2785610691788187,0.6666666668295192,0.7995413563886158,0.13287468955909654,0.13287468955909654
10,9,1,0.6666666666666665,0.5,-0.8333333333333334,1.6094379124340998,1.6479184330021646,-3.596842909197556,-0.9744622380976957,2.6223806710998603,0.6666669314663616,0.9168561112955012,0.2501891798291396,0.2501891798291396
10,9,2,0.6666666666666665,0.5,-0.6666666666666667,1.6094379124340998,1.6479184330021646,-2.414156868651151,-0.3831192178244933,2.031037650826658,0.6679750384583809,0.9603769297733558,0.29240189131497485,0.29240189131497485
10,9,3,0.6666666666666665,0.5,-0.5,1.6094379124340998,1.6479184330021646,-1.6479184330021646,0.0,1.6479184330021646,0.6722467310086351,0.9782410327984081,0.30599430178977305,0.30599430178977305
10,9,4,0.6666666666666665,0.5,-0.33333333333333337,1.6094379124340998,1.6479184330021646,-1.039720770839918,0.30409883108112323,1.3438196019210413,0.774441686139094,0.993820731369385,0.21937904523029095,0.21937904523029095
10,9,5,0.6666666666666665,0.5,-0.16666666666666674,1.6094379124340998,1.6479184330021646,-0.5047083549318196,0.5716050390351725,1.0763133939669922,0.8545524149686354,0.9959566355575853,0.14140422058894986,0.14140422058894986
10,9,6,0.6666666666666665,0.5,0.0,1.6094379124340998,1.6479184330021646,0.0,0.8239592165010823,0.8239592165010823,0.8793290194840357,0.9967437055406219,0.11741468605658612,0.11741468605658612
10,9,7,0.6666666666666665,0.5,0.16666666666666652,1.6094379124340998,1.6479184330021646,0.504708354931819,1.0763133939669918,0.5716050390351728,0.8545524150021648,0.9944628105312128,0.13991039552904794,0.13991039552904794
10,9,8,0.6666666666666665,0.5,0.33333333333333326,1.6094379124340998,1.6479184330021646,1.0397207708399177,1.343819601921041,0.30409883108112346,0.7744416861533762,0.9931760372562657,0.21873435110288952,0.21873435110288952
10,9,9,0.6666666666666665,0.5,0.5,1.6094379124340998,1.6479184330021646,1.6479184330021646,1.6479184330021646,0.0,0.6722467309949958,0.9706313922379741,0.29838466124297836,0.29838466124297836
10,9,10,0.6666666666666665,0.5,0.6666666666666665,1.6094379124340998,1.6479184330021646,2.41415686865115,2.031037650826657,-0.38311921782449265,0.667975038490241,0.9562238936639413,0.28824885517370036,0.28824885517370036
10,9,11,0.6666666666666665,0.5,0.8333333333333333,1.6094379124340998,1.6479184330021646,3.596842909197555,2.62238067109986,-0.9744622380976953,0.6666669314659491,0.9003144300777992,0.23364749861185008,0.23364749861185008
10,10,1,0.6666666666666665,0.6666666666666665,-0.8333333333333334,1.6094379124340998,2.41415686865115,-3.596842909197556,-0.5913430202732031,3.005499888924353,0.6666708984319855,0.9369146824981398,0.27024378406615435,0.27024378406615435
10,10,2,0.6666666666666665,0.6666666666666665,-0.6666666666666667,1.6094379124340998,2.41415686865115,-2.414156868651151,-6.661338147750939e-16,2.4141568686511503,0.6722467309675918,0.9784395051347714,0.3061927741671796,0.3061927741671796
10,10,3,0.6666666666666665,0.6666666666666665,-0.5,1.6094379124340998,2.41415686865115,-1.6479184330021646,0.38311921782449265,2.031037650826657,0.800997861846382,0.9947987225117101,0.1938008606653281,0.1938008606653281
10,10,4,0.6666666666666665,0.6666666666666665,-0.33333333333333337,1.6094379124340998,2.41415686865115,-1.039720770839918,0.6872180489056159,1.726938819745534,0.8791441012217098,0.9986119889335063,0.1194678877117965,0.1194678877117965
10,10,5,0.6666666666666665,0.6666666666666665,-0.16666666666666674,1.6094379124340998,2.41415686865115,-0.5047083549318196,0.9547242568596651,1.4594326117914846,0.9343219392634821,0.9995288295066551,0.06520689024317305,0.06520689024317305
10,10,6,0.6666666666666665,0.6666666666666665,0.0,1.6094379124340998,2.41415686865115,0.0,1.207078434325575,1.207078434325575,0.9481787194254502,0.9995975599388454,0.05141884051339518,0.05141884051339518
10,10,7,0.6666666666666665,0.6666666666666665,0.16666666666666652,1.6094379124340998,2.41415686865115,0.504708354931819,1.4594326117914844,0.9547242568596654,0.9343219392794251,0.9995346138614869,0.06521267458206181,0.06521267458206181
10,10,8,0.6666666666666665,0.6666666666666665,0.33333333333333326,1.6094379124340998,2.41415686865115,1.0397207708399177,1.7269388197455338,0.6872180489056161,0.8791441012252599,0.996830315569029,0.11768621434376914,0.11768621434376914
10,10,9,0.6666666666666665,0.6666666666666665,0.5,1.6094379124340998,2.41415686865115,1.6479184330021646,2.031037650826657,0.38311921782449265,0.8009978618261058,0.9942973587416142,0.1932994969155084,0.1932994969155084
10,10,10,0.6666666666666665,0.6666666666666665,0.6666666666666665,1.6094379124340998,2.41415686865115,2.41415686865115,2.41415686865115,0.0,0.6722467309986001,0.9706321734243004,0.2983854424257003,0.2983854424257003
10,10,11,0.6666666666666665,0.6666666666666665,0.8333333333333333,1.6094379124340998,2.41415686865115,3.596842909197555,3.0054998889243523,-0.5913430202732026,0.6666708984003613,0.9391060201228869,0.2724351217225256,0.2724351217225256
10,11,1,0.6666666666666665,0.8333333333333333,-0.8333333333333334,1.6094379124340998,3.596842909197555,-3.596842909197556,-4.440892098500626e-16,3.5968429091975556,0.6722467309902378,0.9784395052324213,0.3061927742421835,0.3061927742421835
10,11,2,0.6666666666666665,0.8333333333333333,-0.6666666666666667,1.6094379124340998,3.596842909197555,-2.414156868651151,0.591343020273202,3.005499888924353,0.8592400785275285,0.998538128790279,0.13929805026275055,0.13929805026275055
10,11,3,0.6666666666666665,0.8333333333333333,-0.5,1.6094379124340998,3.596842909197555,-1.6479184330021646,0.9744622380976953,2.62238067109986,0.938777405213182,0.9997149198289337,0.0609375146157517,0.0609375146157517
10,11,4,0.6666666666666665,0.8333333333333333,-0.33333333333333337,1.6094379124340998,3.596842909197555,-1.039720770839918,1.2785610691788185,2.3182818400187366,0.9633911925366239,0.9998809624342153,0.03648976989759145,0.03648976989759145
10,11,5,0.6666666666666665,0.8333333333333333,-0.16666666666666674,1.6094379124340998,3.596842909197555,-0.5047083549318196,1.5460672771328676,2.0507756320646875,0.9790939396316373,0.9999692109464513,0.020875271314814037,0.020875271314814037
10,11,6,0.6666666666666665,0.8333333333333333,0.0,1.6094379124340998,3.596842909197555,0.0,1.7984214545987776,1.7984214545987776,0.9799232525701922,0.9999725623494602,0.020049309779268,0.020049309779268
10,11,7,0.6666666666666665,0.8333333333333333,0.16666666666666652,1.6094379124340998,3.596842909197555,0.504708354931819,2.050775632064687,1.546067277132868,0.9790939396252684,0.9999692213787157,0.020875281753447328,0.020875281753447328
10,11,8,0.6666666666666665,0.8333333333333333,0.33333333333333326,1.6094379124340998,3.596842909197555,1.0397207708399177,2.318281840018736,1.2785610691788187,0.9633911925397642,0.9998810190784804,0.03648982653871613,0.03648982653871613
10,11,9,0.6666666666666665,0.8333333333333333,0.5,1.6094379124340998,3.596842909197555,1.6479184330021646,2.62238067109986,0.9744622380976953,0.938777405235526,0.9996657613124595,0.06088835607693355,0.06088835607693355
10,11,10,0.6666666666666665,0.8333333333333333,0.6666666666666665,1.6094379124340998,3.596842909197555,2.41415686865115,3.0054998889243523,0.5913430202732026,0.8592400785808242,0.9949105592235739,0.13567048064274967,0.13567048064274967
10,11,11,0.6666666666666665,0.8333333333333333,0.8333333333333333,1.6094379124340998,3.596842909197555,3.596842909197555,3.596842909197555,0.0,0.6722467309852114,0.9706321734257357,0.29838544244052434,0.29838544244052434
11,1,1,0.8333333333333333,-0.8333333333333334,-0.8333333333333334,2.3978952727983702,-3.596842909197556,-3.596842909197556,-3.596842909197556,0.0,0.49999999999900574,0.4488086073525951,-0.05119139264641065,0.05119139264641065
11,1,2,0.8333333333333333,-0.8333333333333334,-0.6666666666666667,2.3978952727983702,-3.596842909197556,-2.414156868651151,-3.0054998889243536,-0.5913430202732024,0.33443514760163295,0.33333366536664777,-0.001101482234985185,0.001101482234985185
11,1,3,0.8333333333333333,-0.8333333333333334,-0.5,2.3978952727983702,-3.596842909197556,-1.6479184330021646,-2.6223806710998603,-0.9744622380976957,0.3334022681309471,0.33333333324450554,-6.893488644155177e-05,6.893488644155177e-05
11,1,4,0.8333333333333333,-0.8333333333333334,-0.33333333333333337,2.3978952727983702,-3.596842909197556,-1.039720770839918,-2.318281840018737,-1.278561069178819,0.3333333712695301,0.33333333297633194,-3.829319816794907e-08,3.829319816794907e-08
11,1,5,0.8333333333333333,-0.8333333333333334,-0.16666666666666674,2.3978952727983702,-3.596842909197556,-0.5047083549318196,-2.050775632064688,-1.546067277132868,0.3333333333370363,0.33333333297568335,-3.613529475643418e-10,3.613529475643418e-10
11,1,6,0.8333333333333333,-0.8333333333333334,0.0,2.3978952727983702,-3.596842909197556,0.0,-1.798421454598778,-1.798421454598778,0.3333333333365702,0.3333333329756778,-3.6089242705372726e-10,3.6089242705372726e-10
11,1,7,0.8333333333333333,-0.8333333333333334,0.16666666666666652,2.3978952727983702,-3.596842909197556,0.504708354931819,-1.5460672771328685,-2.0507756320646875,0.3333333333370211,0.3333333329756806,-3.6134051306646597e-10,3.6134051306646597e-10
11,1,8,0.8333333333333333,-0.8333333333333334,0.33333333333333326,2.3978952727983702,-3.596842909197556,1.0397207708399177,-1.2785610691788192,-2.318281840018737,0.33333337126954987,0.33333333297659007,-3.8292959803065685e-08,3.8292959803065685e-08
11,1,9,0.8333333333333333,-0.8333333333333334,0.5,2.3978952727983702,-3.596842909197556,1.6479184330021646,-0.9744622380976957,-2.6223806710998603,0.33340226813144697,0.3333333333366981,-6.893479474884279e-05,6.893479474884279e-05
11,1,10,0.8333333333333333,-0.8333333333333334,0.6666666666666665,2.3978952727983702,-3.596842909197556,2.41415686865115,-0.5913430202732031,-3.005499888924353,0.33443514762660087,0.3333336096419307,-0.0011015379846701645,0.0011015379846701645
11,1,11,0.8333333333333333,-0.8333333333333334,0.8333333333333333,2.3978952727983702,-3.596842909197556,3.596842909197555,-4.440892098500626e-16,-3.5968429091975556,0.5000000000026312,0.4902002639812604,-0.009799736021370853,0.009799736021370853
11,2,1,0.8333333333333333,-0.6666666666666667,-0.8333333333333334,2.3978952727983702,-2.414156868651151,-3.596842909197556,-3.0054998889243536,0.5913430202732024,0.6655648523809974,0.6666479207655733,0.001083068384575947,0.001083068384575947
11,2,2,0.8333333333333333,-0.6666666666666667,-0.6666666666666667,2.3978952727983702,-2.414156868651151,-2.414156868651151,-2.414156868651151,0.0,0.4999999999948318,0.44880860727890115,-0.05119139271593065,0.05119139271593065
11,2,3,0.8333333333333333,-0.6666666666666667,-0.5,2.3978952727983702,-2.414156868651151,-1.6479184330021646,-2.031037650826658,-0.3831192178244933,0.3733265391702858,0.3333572078139656,-0.03996933135632019,0.03996933135632019
11,2,4,0.8333333333333333,-0.6666666666666667,-0.33333333333333337,2.3978952727983702,-2.414156868651151,-1.039720770839918,-1.7269388197455346,-0.6872180489056166,0.3341766710272067,0.33333335926887664,-0.0008433117583300787,0.0008433117583300787
11,2,5,0.8333333333333333,-0.6666666666666667,-0.16666666666666674,2.3978952727983702,-2.414156868651151,-0.5047083549318196,-1.4594326117914855,-0.9547242568596658,0.3334554881374118,0.33333333525416664,-0.0001221528832451857,0.0001221528832451857
11,2,6,0.8333333333333333,-0.6666666666666667,0.0,2.3978952727983702,-2.414156868651151,0.0,-1.2070784343255756,-1.2070784343255756,0.33333343369397783,0.33333333308135515,-1.0061262267768711e-07,1.0061262267768711e-07
11,2,7,0.8333333333333333,-0.6666666666666667,0.16666666666666652,2.3978952727983702,-2.414156868651151,0.504708354931819,-0.9547242568596661,-1.459432611791485,0.3334554881357226,0.3333333363086194,-0.00012215182710323402,0.00012215182710323402
11,2,8,0.8333333333333333,-0.6666666666666667,0.33333333333333326,2.3978952727983702,-2.414156868651151,1.0397207708399177,-0.6872180489056168,-1.7269388197455344,0.3341766710260866,0.33333334908093804,-0.0008433219451485785,0.0008433219451485785
11,2,9,0.8333333333333333,-0.6666666666666667,0.5,2.3978952727983702,-2.414156868651151,1.6479184330021646,-0.3831192178244933,-2.031037650826658,0.3733265391770028,0.3336121432631921,-0.03971439591381071,0.03971439591381071
11,2,10,0.8333333333333333,-0.6666666666666667,0.6666666666666665,2.3978952727983702,-2.414156868651151,2.41415686865115,-6.661338147750939e-16,-2.4141568686511503,0.49999999996773,0.4902002634694195,-0.009799736498310507,0.009799736498310507
11,2,11,0.8333333333333333,-0.6666666666666667,0.8333333333333333,2.3978952727983702,-2.414156868651151,3.596842909197555,0.591343020273202,-3.005499888924353,0.6655648523494535,0.6666540112035593,0.001089158854105765,0.001089158854105765
11,3,1,0.8333333333333333,-0.5,-0.8333333333333334,2.3978952727983702,-1.6479184330021646,-3.596842909197556,-2.6223806710998603,0.9744622380976957,0.6665977318693855,0.6666666661187666,6.893424938103632e-05,6.893424938103632e-05
11,3,2,0.8333333333333333,-0.5,-0.6666666666666667,2.3978952727983702,-1.6479184330021646,-2.414156868651151,-2.031037650826658,0.3831192178244933,0.6266734608281797,0.6665114889667643,0.039838028138584614,0.039838028138584614
11,3,3,0.8333333333333333,-0.5,-0.5,2.3978952727983702,-1.6479184330021646,-1.6479184330021646,-1.6479184330021646,0.0,0.5000000000084666,0.4488086076503591,-0.051191392358107435,0.051191392358107435
11,3,4,0.8333333333333333,-0.5,-0.33333333333333337,2.3978952727983702,-1.6479184330021646,-1.039720770839918,-1.3438196019210413,-0.30409883108112323,0.3994536333033243,0.3424215112636334,-0.05703212203969088,0.05703212203969088
11,3,5,0.8333333333333333,-0.5,-0.16666666666666674,2.3978952727983702,-1.6479184330021646,-0.5047083549318196,-1.0763133939669922,-0.5716050390351725,0.33448843003129614,0.3333335415554938,-0.0011548884758023625,0.0011548884758023625
11,3,6,0.8333333333333333,-0.5,0.0,2.3978952727983702,-1.6479184330021646,0.0,-0.8239592165010823,-0.8239592165010823,0.3342740330970395,0.3333333388244495,-0.0009406942725900258,0.0009406942725900258
11,3,7,0.8333333333333333,-0.5,0.16666666666666652,2.3978952727983702,-1.6479184330021646,0.504708354931819,-0.5716050390351728,-1.0763133939669918,0.3344884300170423,0.3333343558850286,-0.0011540741320137382,0.0011540741320137382
11,3,8,0.8333333333333333,-0.5,0.33333333333333326,2.3978952727983702,-1.6479184330021646,1.0397207708399177,-0.30409883108112346,-1.343819601921041,0.39945363329318007,0.34731108418436907,-0.052142549108811,0.052142549108811
11,3,9,0.8333333333333333,-0.5,0.5,2.3978952727983702,-1.6479184330021646,1.6479184330021646,0.0,-1.6479184330021646,0.49999999998641026,0.49020026377650017,-0.009799736209910093,0.009799736209910093
11,3,10,0.8333333333333333,-0.5,0.6666666666666665,2.3978952727983702,-1.6479184330021646,2.41415686865115,0.38311921782449265,-2.031037650826657,0.626673460810723,0.6663620606580387,0.039688599847315764,0.039688599847315764
11,3,11,0.8333333333333333,-0.5,0.8333333333333333,2.3978952727983702,-1.6479184330021646,3.596842909197555,0.9744622380976953,-2.62238067109986,0.6665977318284777,0.666666677298142,6.894546966429438e-05,6.894546966429438e-05
11,4,1,0.8333333333333333,-0.33333333333333337,-0.8333333333333334,2.3978952727983702,-1.039720770839918,-3.596842909197556,-2.318281840018737,1.278561069178819,0.6666666287305896,0.6666828168445087,1.6188113919124447e-05,1.6188113919124447e-05
11,4,2,0.8333333333333333,-0.33333333333333337,-0.6666666666666667,2.3978952727983702,-1.039720770839918,-2.414156868651151,-1.7269388197455346,0.6872180489056166,0.6658233289779002,0.7037568467828279,0.03793351780492771,0.03793351780492771
11,4,3,0.8333333333333333,-0.33333333333333337,-0.5,2.3978952727983702,-1.039720770839918,-1.6479184330021646,-1.3438196019210413,0.30409883108112323,0.6005463826732421,0.6512505294110211,0.05070414673777901,0.05070414673777901
11,4,4,0.8333333333333333,-0.33333333333333337,-0.33333333333333337,2.3978952727983702,-1.039720770839918,-1.039720770839918,-1.039720770839918,0.0,0.5000000017739128,0.4488358187289917,-0.0511641830449211,0.0511641830449211
11,4,5,0.8333333333333333,-0.33333333333333337,-0.16666666666666674,2.3978952727983702,-1.039720770839918,-0.5047083549318196,-0.7722145628858689,-0.2675062079540492,0.4118699640538863,0.3513157876372619,-0.06055417641662442,0.06055417641662442
11,4,6,0.8333333333333333,-0.33333333333333337,0.0,2.3978952727983702,-1.039720770839918,0.0,-0.519860385419959,-0.519860385419959,0.3358578800567788,0.33333424808957146,-0.0025236319672073404,0.0025236319672073404
11,4,7,0.8333333333333333,-0.33333333333333337,0.16666666666666652,2.3978952727983702,-1.039720770839918,0.504708354931819,-0.26750620795404956,-0.7722145628858685,0.4118699640635646,0.34914434923661153,-0.06272561482695305,0.06272561482695305
11,4,8,0.8333333333333333,-0.33333333333333337,0.33333333333333326,2.3978952727983702,-1.039720770839918,1.0397207708399177,-2.220446049250313e-16,-1.0397207708399179,0.5000000018181366,0.49020552633759196,-0.009794475480544684,0.009794475480544684
11,4,9,0.8333333333333333,-0.33333333333333337,0.5,2.3978952727983702,-1.039720770839918,1.6479184330021646,0.30409883108112323,-1.3438196019210413,0.6005463826791844,0.6634242239124366,0.06287784123325224,0.06287784123325224
11,4,10,0.8333333333333333,-0.33333333333333337,0.6666666666666665,2.3978952727983702,-1.039720770839918,2.41415686865115,0.6872180489056159,-1.726938819745534,0.6658233289799816,0.7194983726001802,0.05367504362019859,0.05367504362019859
11,4,11,0.8333333333333333,-0.33333333333333337,0.8333333333333333,2.3978952727983702,-1.039720770839918,3.596842909197555,1.2785610691788185,-2.3182818400187366,0.6666666287187574,0.6910358027989767,0.024369174080219325,0.024369174080219325
11,5,1,0.8333333333333333,-0.16666666666666674,-0.8333333333333334,2.3978952727983702,-0.5047083549318196,-3.596842909197556,-2.050775632064688,1.546067277132868,0.6666666666629071,0.6666691769561546,2.5102932474929673e-06,2.5102932474929673e-06
11,5,2,0.8333333333333333,-0.16666666666666674,-0.6666666666666667,2.3978952727983702,-0.5047083549318196,-2.414156868651151,-1.4594326117914855,0.9547242568596658,0.6665445188127598,0.7330025878864204,0.06645806907366059,0.06645806907366059
11,5,3,0.8333333333333333,-0.16666666666666674,-0.5,2.3978952727983702,-0.5047083549318196,-1.6479184330021646,-1.0763133939669922,0.5716050390351725,0.6655116396143166,0.8773173795958451,0.21180573998152852,0.21180573998152852
11,5,4,0.8333333333333333,-0.16666666666666674,-0.33333333333333337,2.3978952727983702,-0.5047083549318196,-1.039720770839918,-0.7722145628858689,0.2675062079540492,0.5884546789395801,0.6823680399195045,0.09391336097992431,0.09391336097992431
11,5,5,0.8333333333333333,-0.16666666666666674,-0.16666666666666674,2.3978952727983702,-0.5047083549318196,-0.5047083549318196,-0.5047083549318196,0.0,0.5000276736964335,0.5161544815322234,0.016126807835789903,0.016126807835789903
11,5,6,0.8333333333333333,-0.16666666666666674,0.0,2.3978952727983702,-0.5047083549318196,0.0,-0.2523541774659098,-0.2523541774659098,0.4673111350413984,0.5375183817781832,0.07020724673678486,0.07020724673678486
11,5,7,0.8333333333333333,-0.16666666666666674,0.16666666666666652,2.3978952727983702,-0.5047083549318196,0.504708354931819,-3.3306690738754696e-16,-0.5047083549318193,0.5000276737060022,0.5284138919816477,0.02838621827564547,0.02838621827564547
11,5,8,0.8333333333333333,-0.16666666666666674,0.33333333333333326,2.3978952727983702,-0.5047083549318196,1.0397207708399177,0.267506207954049,-0.7722145628858686,0.588454678950237,0.6934880670881398,0.10503338813790286,0.10503338813790286
11,5,9,0.8333333333333333,-0.16666666666666674,0.5,2.3978952727983702,-0.5047083549318196,1.6479184330021646,0.5716050390351725,-1.0763133939669922,0.6655116396090346,0.8656609665192758,0.20014932691024123,0.20014932691024123
11,5,10,0.8333333333333333,-0.16666666666666674,0.6666666666666665,2.3978952727983702,-0.5047083549318196,2.41415686865115,0.9547242568596651,-1.4594326117914846,0.6665445188149302,0.7602586057982847,0.0937140869833546,0.0937140869833546
11,5,11,0.8333333333333333,-0.16666666666666674,0.8333333333333333,2.3978952727983702,-0.5047083549318196,3.596842909197555,1.5460672771328676,-2.0507756320646875,0.6666666666632866,0.6681496058329568,0.0014829391696702388,0.0014829391696702388
11,6,1,0.8333333333333333,0.0,-0.8333333333333334,2.3978952727983702,0.0,-3.596842909197556,-1.798421454598778,1.798421454598778,0.666666666665073,0.6792901407620351,0.012623474096962073,0.012623474096962073
11,6,2,0.8333333333333333,0.0,-0.6666666666666667,2.3978952727983702,0.0,-2.414156868651151,-1.2070784343255756,1.2070784343255756,0.6666666167051011,0.8798509999196673,0.21318438321456623,0.21318438321456623
11,6,3,0.8333333333333333,0.0,-0.5,2.3978952727983702,0.0,-1.6479184330021646,-0.8239592165010823,0.8239592165010823,0.6661938018000397,0.8888139971590439,0.22262019535900412,0.22262019535900412
11,6,4,0.8333333333333333,0.0,-0.33333333333333337,2.3978952727983702,0.0,-1.039720770839918,-0.519860385419959,0.519860385419959,0.6653771016152414,0.8843298111443458,0.2189527095291044,0.2189527095291044
11,6,5,0.8333333333333333,0.0,-0.16666666666666674,2.3978952727983702,0.0,-0.5047083549318196,-0.2523541774659098,0.2523541774659098,0.5939319212771424,0.8486644209776686,0.25473249970052614,0.25473249970052614
11,6,6,0.8333333333333333,0.0,0.0,2.3978952727983702,0.0,0.0,0.0,0.0,0.5370272073444423,0.7584017304262718,0.22137452308182948,0.22137452308182948
11,6,7,0.8333333333333333,0.0,0.16666666666666652,2.3978952727983702,0.0,0.504708354931819,0.2523541774659095,-0.2523541774659095,0.5939319212885343,0.8491568606486128,0.2552249393600785,0.2552249393600785
11,6,8,0.8333333333333333,0.0,0.33333333333333326,2.3978952727983702,0.0,1.0397207708399177,0.5198603854199588,-0.5198603854199588,0.6653771016105234,0.8957876765889268,0.23041057497840334,0.23041057497840334
11,6,9,0.8333333333333333,0.0,0.5,2.3978952727983702,0.0,1.6479184330021646,0.8239592165010823,-0.8239592165010823,0.666193801788318,0.8813583169548158,0.21516451516649782,0.21516451516649782
11,6,10,0.8333333333333333,0.0,0.6666666666666665,2.3978952727983702,0.0,2.41415686865115,1.207078434325575,-1.207078434325575,0.6666666167052028,0.8428824446516099,0.1762158279464071,0.1762158279464071
11,6,11,0.8333333333333333,0.0,0.8333333333333333,2.3978952727983702,0.0,3.596842909197555,1.7984214545987776,-1.7984214545987776,0.6666666666651947,0.6912454140059414,0.02457874734074672,0.02457874734074672
11,7,1,0.8333333333333333,0.16666666666666652,-0.8333333333333334,2.3978952727983702,0.504708354931819,-3.596842909197556,-1.5460672771328685,2.0507756320646875,0.6666666666666935,0.7989605440486607,0.13229387738196718,0.13229387738196718
11,7,2,0.8333333333333333,0.16666666666666652,-0.6666666666666667,2.3978952727983702,0.504708354931819,-2.414156868651151,-0.9547242568596661,1.459432611791485,0.6666671288898987,0.9217792322872325,0.2551121033973338,0.2551121033973338
11,7,3,0.8333333333333333,0.16666666666666652,-0.5,2.3978952727983702,0.504708354931819,-1.6479184330021646,-0.5716050390351728,1.0763133939669918,0.6666710302223363,0.9340715717132813,0.26740054149094494,0.26740054149094494
11,7,4,0.8333333333333333,0.16666666666666652,-0.33333333333333337,2.3978952727983702,0.504708354931819,-1.039720770839918,-0.26750620795404956,0.7722145628858685,0.6686564889362621,0.9111090445023071,0.24245255556604506,0.24245255556604506
11,7,5,0.8333333333333333,0.16666666666666652,-0.16666666666666674,2.3978952727983702,0.504708354931819,-0.5047083549318196,-3.3306690738754696e-16,0.5047083549318193,0.6709421318102684,0.8610602058787535,0.19011807406848513,0.19011807406848513
11,7,6,0.8333333333333333,0.16666666666666652,0.0,2.3978952727983702,0.504708354931819,0.0,0.2523541774659095,0.2523541774659095,0.6761047460783359,0.9355176938687939,0.259412947790458,0.259412947790458
11,7,7,0.8333333333333333,0.16666666666666652,0.16666666666666652,2.3978952727983702,0.504708354931819,0.504708354931819,0.504708354931819,0.0,0.6709421318491365,0.8605936267276741,0.1896514948785376,0.1896514948785376
11,7,8,0.8333333333333333,0.16666666666666652,0.33333333333333326,2.3978952727983702,0.504708354931819,1.0397207708399177,0.7722145628858683,-0.26750620795404934,0.668656488924948,0.9234870759286402,0.2548305870036922,0.2548305870036922
11,7,9,0.8333333333333333,0.16666666666666652,0.5,2.3978952727983702,0.504708354931819,1.6479184330021646,1.0763133939669918,-0.5716050390351728,0.6666710301966856,0.9431634247249792,0.27649239452829355,0.27649239452829355
11,7,10,0.8333333333333333,0.16666666666666652,0.6666666666666665,2.3978952727983702,0.504708354931819,2.41415686865115,1.4594326117914844,-0.9547242568596654,0.6666671288910739,0.9051532501840291,0.2384861212929552,0.2384861212929552
11,7,11,0.8333333333333333,0.16666666666666652,0.8333333333333333,2.3978952727983702,0.504708354931819,3.596842909197555,2.050775632064687,-1.546067277132868,0.6666666666666934,0.7672558463090786,0.10058917964238523,0.10058917964238523
11,8,1,0.8333333333333333,0.33333333333333326,-0.8333333333333334,2.3978952727983702,1.0397207708399177,-3.596842909197556,-1.2785610691788192,2.318281840018737,0.6666666668327468,0.8043387354067364,0.13767206857398961,0.13767206857398961
11,8,2,0.8333333333333333,0.33333333333333326,-0.6666666666666667,2.3978952727983702,1.0397207708399177,-2.414156868651151,-0.6872180489056168,1.7269388197455344,0.6666699057018679,0.9268149491189541,0.2601450434170862,0.2601450434170862
11,8,3,0.8333333333333333,0.33333333333333326,-0.5,2.3978952727983702,1.0397207708399177,-1.6479184330021646,-0.30409883108112346,1.343819601921041,0.6688560714202278,0.9714084690118898,0.30255239759166197,0.30255239759166197
11,8,4,0.8333333333333333,0.33333333333333326,-0.33333333333333337,2.3978952727983702,1.0397207708399177,-1.039720770839918,-2.220446049250313e-16,1.0397207708399179,0.6722466542496172,0.9567005592632336,0.28445390501361645,0.28445390501361645
11,8,5,0.8333333333333333,0.33333333333333326,-0.16666666666666674,2.3978952727983702,1.0397207708399177,-0.5047083549318196,0.267506207954049,0.7722145628858686,0.756971099325115,0.978775873511512,0.221804774186397,0.221804774186397
11,8,6,0.8333333333333333,0.33333333333333326,0.0,2.3978952727983702,1.0397207708399177,0.0,0.5198603854199588,0.5198603854199588,0.821917212329875,0.9846782395945302,0.16276102726465513,0.16276102726465513
11,8,7,0.8333333333333333,0.33333333333333326,0.16666666666666652,2.3978952727983702,1.0397207708399177,0.504708354931819,0.7722145628858683,0.26750620795404934,0.7569710993179287,0.9788395765910638,0.22186847727313508,0.22186847727313508
11,8,8,0.8333333333333333,0.33333333333333326,0.33333333333333326,2.3978952727983702,1.0397207708399177,1.0397207708399177,1.0397207708399177,0.0,0.6722466542205394,0.9549597804893515,0.28271312626881206,0.28271312626881206
11,8,9,0.8333333333333333,0.33333333333333326,0.5,2.3978952727983702,1.0397207708399177,1.6479184330021646,1.343819601921041,-0.30409883108112346,0.6688560714144227,0.9745480012696517,0.30569192985522897,0.30569192985522897
11,8,10,0.8333333333333333,0.33333333333333326,0.6666666666666665,2.3978952727983702,1.0397207708399177,2.41415686865115,1.7269388197455338,-0.6872180489056161,0.6666699057066159,0.9334387785699809,0.26676887286336504,0.26676887286336504
11,8,11,0.8333333333333333,0.33333333333333326,0.8333333333333333,2.3978952727983702,1.0397207708399177,3.596842909197555,2.318281840018736,-1.2785610691788187,0.6666666668327433,0.7995413563992171,0.13287468956647375,0.13287468956647375
11,9,1,0.8333333333333333,0.5,-0.8333333333333334,2.3978952727983702,1.6479184330021646,-3.596842909197556,-0.9744622380976957,2.6223806710998603,0.6666669314691561,0.916856116921761,0.25018918545260493,0.25018918545260493
11,9,2,0.8333333333333333,0.5,-0.6666666666666667,2.3978952727983702,1.6479184330021646,-2.414156868651151,-0.3831192178244933,2.031037650826658,0.6679750384799868,0.960379041077992,0.29240400259800514,0.29240400259800514
11,9,3,0.8333333333333333,0.5,-0.5,2.3978952727983702,1.6479184330021646,-1.6479184330021646,0.0,1.6479184330021646,0.6722467309895004,0.9784260158400908,0.3061792848505904,0.3061792848505904
11,9,4,0.8333333333333333,0.5,-0.33333333333333337,2.3978952727983702,1.6479184330021646,-1.039720770839918,0.30409883108112323,1.3438196019210413,0.7744416862272689,0.9938264951335645,0.21938480890629553,0.21938480890629553
11,9,5,0.8333333333333333,0.5,-0.16666666666666674,2.3978952727983702,1.6479184330021646,-0.5047083549318196,0.5716050390351725,1.0763133939669922,0.8545524383514014,0.9959566579307517,0.14140421957935034,0.14140421957935034
11,9,6,0.8333333333333333,0.5,0.0,2.3978952727983702,1.6479184330021646,0.0,0.8239592165010823,0.8239592165010823,0.879329077435656,0.9967437095036216,0.11741463206796554,0.11741463206796554
11,9,7,0.8333333333333333,0.5,0.16666666666666652,2.3978952727983702,1.6479184330021646,0.504708354931819,1.0763133939669918,0.5716050390351728,0.8545524383317794,0.994462808309448,0.1399103699776686,0.1399103699776686
11,9,8,0.8333333333333333,0.5,0.33333333333333326,2.3978952727983702,1.6479184330021646,1.0397207708399177,1.343819601921041,0.30409883108112346,0.7744416862134829,0.9931783591195011,0.21873667290601828,0.21873667290601828
11,9,9,0.8333333333333333,0.5,0.5,2.3978952727983702,1.6479184330021646,1.6479184330021646,1.6479184330021646,0.0,0.6722467309996122,0.970642958357008,0.2983962273573958,0.2983962273573958
11,9,10,0.8333333333333333,0.5,0.6666666666666665,2.3978952727983702,1.6479184330021646,2.41415686865115,2.031037650826657,-0.38311921782449265,0.667975038486578,0.9562247288914778,0.2882496904048998,0.2882496904048998
11,9,11,0.8333333333333333,0.5,0.8333333333333333,2.3978952727983702,1.6479184330021646,3.596842909197555,2.62238067109986,-0.9744622380976953,0.6666669314674962,0.9003144310584201,0.2336474995909239,0.2336474995909239
11,10,1,0.8333333333333333,0.6666666666666665,-0.8333333333333334,2.3978952727983702,2.41415686865115,-3.596842909197556,-0.5913430202732031,3.005499888924353,0.666670898410536,0.9369147608113282,0.27024386240079223,0.27024386240079223
11,10,2,0.8333333333333333,0.6666666666666665,-0.6666666666666667,2.3978952727983702,2.41415686865115,-2.414156868651151,-6.661338147750939e-16,2.4141568686511503,0.6722467310018838,0.9786433078239192,0.30639657682203536,0.30639657682203536
11,10,3,0.8333333333333333,0.6666666666666665,-0.5,2.3978952727983702,2.41415686865115,-1.6479184330021646,0.38311921782449265,2.031037650826657,0.8009978619175337,0.9947992073284975,0.19380134541096372,0.19380134541096372
11,10,4,0.8333333333333333,0.6666666666666665,-0.33333333333333337,2.3978952727983702,2.41415686865115,-1.039720770839918,0.6872180489056159,1.726938819745534,0.8791442127678502,0.998613823701515,0.11946961093366482,0.11946961093366482
11,10,5,0.8333333333333333,0.6666666666666665,-0.16666666666666674,2.3978952727983702,2.41415686865115,-0.5047083549318196,0.9547242568596651,1.4594326117914846,0.9343221982421903,0.999529836358866,0.06520763811667574,0.06520763811667574
11,10,6,0.8333333333333333,0.6666666666666665,0.0,2.3978952727983702,2.41415686865115,0.0,1.207078434325575,1.207078434325575,0.9483046910752767,0.9995993332685023,0.05129464219322555,0.05129464219322555
11,10,7,0.8333333333333333,0.6666666666666665,0.16666666666666652,2.3978952727983702,2.41415686865115,0.504708354931819,1.4594326117914844,0.9547242568596654,0.9343221982703922,0.9995357379849659,0.06521353971457367,0.06521353971457367
11,10,8,0.8333333333333333,0.6666666666666665,0.33333333333333326,2.3978952727983702,2.41415686865115,1.0397207708399177,1.7269388197455338,0.6872180489056161,0.8791442127711724,0.9968303239544789,0.11768611118330652,0.11768611118330652
11,10,9,0.8333333333333333,0.6666666666666665,0.5,2.3978952727983702,2.41415686865115,1.6479184330021646,2.031037650826657,0.38311921782449265,0.8009978619141569,0.9942975697376457,0.19329970782348882,0.19329970782348882
11,10,10,0.8333333333333333,0.6666666666666665,0.6666666666666665,2.3978952727983702,2.41415686865115,2.41415686865115,2.41415686865115,0.0,0.6722467310035092,0.9706437428851666,0.29839701188165746,0.29839701188165746
11,10,11,0.8333333333333333,0.6666666666666665,0.8333333333333333,2.3978952727983702,2.41415686865115,3.596842909197555,3.0054998889243523,-0.5913430202732026,0.6666708983983352,0.9391061295113106,0.2724352311129754,0.2724352311129754
11,11,1,0.8333333333333333,0.8333333333333333,-0.8333333333333334,2.3978952727983702,3.596842909197555,-3.596842909197556,-4.440892098500626e-16,3.5968429091975556,0.6722467309961746,0.9786433078084564,0.30639657681228183,0.30639657681228183
11,11,2,0.8333333333333333,0.8333333333333333,-0.6666666666666667,2.3978952727983702,3.596842909197555,-2.414156868651151,0.591343020273202,3.005499888924353,0.8592401330332696,0.998905932340513,0.13966579930724332,0.13966579930724332
11,11,3,0.8333333333333333,0.8333333333333333,-0.5,2.3978952727983702,3.596842909197555,-1.6479184330021646,0.9744622380976953,2.62238067109986,0.9387776877340583,0.9999339472677433,0.061156259533684976,0.061156259533684976
11,11,4,0.8333333333333333,0.8333333333333333,-0.33333333333333337,2.3978952727983702,3.596842909197555,-1.039720770839918,1.2785610691788185,2.3182818400187366,0.9640603748171589,0.9998686593768245,0.03580828455966556,0.03580828455966556
11,11,5,0.8333333333333333,0.8333333333333333,-0.16666666666666674,2.3978952727983702,3.596842909197555,-0.5047083549318196,1.5460672771328676,2.0507756320646875,0.9810674218789035,0.999982497007506,0.018915075128602465,0.018915075128602465
11,11,6,0.8333333333333333,0.8333333333333333,0.0,2.3978952727983702,3.596842909197555,0.0,1.7984214545987776,1.7984214545987776,0.9840199668604369,0.9999874676046623,0.01596750074422537,0.01596750074422537
11,11,7,0.8333333333333333,0.8333333333333333,0.16666666666666652,2.3978952727983702,3.596842909197555,0.504708354931819,2.050775632064687,1.546067277132868,0.9810674218855704,0.9999827306569886,0.018915308771418227,0.018915308771418227
11,11,8,0.8333333333333333,0.8333333333333333,0.33333333333333326,2.3978952727983702,3.596842909197555,1.0397207708399177,2.318281840018736,1.2785610691788187,0.964060374830193,0.9998897360896486,0.03582936125945557,0.03582936125945557
11,11,9,0.8333333333333333,0.8333333333333333,0.5,2.3978952727983702,3.596842909197555,1.6479184330021646,2.62238067109986,0.9744622380976953,0.9387776877197095,0.9996732977769107,0.06089561005720123,0.06089561005720123
11,11,10,0.8333333333333333,0.8333333333333333,0.6666666666666665,2.3978952727983702,3.596842909197555,2.41415686865115,3.0054998889243523,0.5913430202732026,0.8592401330353007,0.9949105540450105,0.13567042100970983,0.13567042100970983
11,11,11,0.8333333333333333,0.8333333333333333,0.8333333333333333,2.3978952727983702,3.596842909197555,3.596842909197555,3.596842909197555,0.0,0.6722467309935026,0.9706437428873285,0.29839701189382584,0.29839701189382584
