{
 "fig1": {
  "0.1": {
   "0.5": 0.14703,
   "1.0": 0.14449,
   "2.0": 0.13795,
   "3.0": 0.1525
  },
  "0.25": {
   "0.5": 0.06021,
   "1.0": 0.08396,
   "2.0": 0.10084,
   "3.0": 0.11985
  },
  "0.5": {
   "0.5": 0.01652,
   "1.0": 0.03828,
   "2.0": 0.06205,
   "3.0": 0.07965
  },
  "1.0": {
   "0.5": 0.00385,
   "1.0": 0.01335,
   "2.0": 0.02949,
   "3.0": 0.04291
  },
  "1.4": {
   "0.5": 0.00197,
   "1.0": 0.00761,
   "2.0": 0.01876,
   "3.0": 0.02892
  },
  "2.0": {
   "0.5": 0.00099,
   "1.0": 0.00411,
   "2.0": 0.01103,
   "3.0": 0.01787
  },
  "4.0": {
   "0.5": 0.00026,
   "1.0": 0.00117,
   "2.0": 0.00349,
   "3.0": 0.00601
  },
  "10.0": {
   "0.5": 4e-05,
   "1.0": 0.00021,
   "2.0": 0.00065,
   "3.0": 0.00116
  },
  "100.0": {
   "0.5": 0.0,
   "1.0": 0.0,
   "2.0": 1e-05,
   "3.0": 1e-05
  }
 },
 "fig2": {
  "0.25": [[0.1,0.00215],[0.1212,0.00399],[0.1468,0.00708],[0.1778,0.01186],[0.2154,0.01859],[0.261,0.02716],[0.3162,0.03703],[0.3831,0.04736],[0.4642,0.0573],[0.5623,0.06612],[0.6813,0.07344],[0.8254,0.07929],[1.0,0.08398],[1.2115,0.08765],[1.4678,0.09096],[1.7783,0.09512],[2.1544,0.10012],[2.6102,0.10409],[3.1623,0.10511],[3.8312,0.10292],[4.6416,0.09908],[5.6234,0.0957],[6.8129,0.08751],[8.254,0.08711],[10.0,0.08394]],
  "1.0": [[0.1,2e-05],[0.1212,4e-05],[0.1468,8e-05],[0.1778,0.00016],[0.2154,0.00032],[0.261,0.00062],[0.3162,0.00114],[0.3831,0.00201],[0.4642,0.00332],[0.5623,0.00515],[0.6813,0.00747],[0.8254,0.01022],[1.0,0.01339],[1.2115,0.01704],[1.4678,0.02128],[1.7783,0.02613],[2.1544,0.03148],[2.6102,0.03696],[3.1623,0.04197],[3.8312,0.04597],[4.6416,0.04884],[5.6234,0.05116],[6.8129,0.0503],[8.254,0.05398],[10.0,0.05682]],
  "4.0": [[0.1,0.0],[0.1212,0.0],[0.1468,1e-05],[0.1778,1e-05],[0.2154,2e-05],[0.261,4e-05],[0.3162,7e-05],[0.3831,0.00013],[0.4642,0.00022],[0.5623,0.00036],[0.6813,0.00056],[0.8254,0.00083],[1.0,0.00118],[1.2115,0.00163],[1.4678,0.0022],[1.7783,0.00294],[2.1544,0.00387],[2.6102,0.00501],[3.1623,0.00634],[3.8312,0.00778],[4.6416,0.00921],[5.6234,0.01052],[6.8129,0.01128],[8.254,0.01225],[10.0,0.01559]],
  "100.0": [[0.1,0.0],[0.1212,0.0],[0.1468,0.0],[0.1778,0.0],[0.2154,0.0],[0.261,0.0],[0.3162,0.0],[0.3831,0.0],[0.4642,0.0],[0.5623,0.0],[0.6813,0.0],[0.8254,0.0],[1.0,0.0],[1.2115,0.0],[1.4678,0.0],[1.7783,1e-05],[2.1544,1e-05],[2.6102,1e-05],[3.1623,1e-05],[3.8312,2e-05],[4.6416,2e-05],[5.6234,2e-05],[6.8129,3e-05],[8.254,4e-05],[10.0,4e-05]]
 },
 "fig3": {
  "tau": 2.0,
  "gamma_crra": 0.5,
  "p0_crra": 0.6481855478759515,
  "p0_cara": 0.6607563687658157,
  "crra": [[-4.0,1.0922,-3.8155],[-3.9732,1.0922,-3.762],[-3.9465,1.0922,-3.7085],[-3.9197,1.0922,-3.655],[-3.893,1.0922,-3.6015],[-3.8662,1.0922,-3.5479],[-3.8395,1.0922,-3.4944],[-3.8127,1.0922,-3.4409],[-3.786,1.0922,-3.3874],[-3.7592,1.0922,-3.3339],[-3.7324,1.0922,-3.2804],[-3.7057,1.0922,-3.2269],[-3.6789,1.0922,-3.1734],[-3.6522,1.0922,-3.1199],[-3.6254,1.0922,-3.0663],[-3.5987,1.0922,-3.0128],[-3.5719,1.0922,-2.9593],[-3.5452,1.0922,-2.9058],[-3.5184,1.0922,-2.8523],[-3.4916,1.0922,-2.7988],[-3.4649,1.0922,-2.7453],[-3.4381,1.0922,-2.6918],[-3.4114,1.0922,-2.6383],[-3.3846,1.0922,-2.5847],[-3.3579,1.0922,-2.5312],[-3.3311,1.0922,-2.4777],[-3.3043,1.0922,-2.4242],[-3.2776,1.0922,-2.3707],[-3.2508,1.0922,-2.3172],[-3.2241,1.0922,-2.2637],[-3.1973,1.0922,-2.2102],[-3.1706,1.0922,-2.1567],[-3.1438,1.0922,-2.1032],[-3.1171,1.0922,-2.0497],[-3.0903,1.0922,-1.9962],[-3.0635,1.0922,-1.9426],[-3.0368,1.0922,-1.8891],[-3.01,1.0922,-1.8356],[-2.9833,1.0922,-1.7821],[-2.9565,1.0922,-1.7286],[-2.9298,1.0922,-1.6751],[-2.903,1.0922,-1.6216],[-2.8763,1.0922,-1.5681],[-2.8495,1.0922,-1.5146],[-2.8227,1.0922,-1.4611],[-2.796,1.0922,-1.4076],[-2.7692,1.0922,-1.3541],[-2.7425,1.0921,-1.3007],[-2.7157,1.0921,-1.2472],[-2.689,1.0921,-1.1937],[-2.6622,1.0921,-1.1402],[-2.6355,1.0921,-1.0867],[-2.6087,1.0921,-1.0332],[-2.5819,1.0921,-0.9798],[-2.5552,1.092,-0.9263],[-2.5284,1.092,-0.8728],[-2.5017,1.092,-0.8194],[-2.4749,1.0919,-0.7659],[-2.4482,1.0919,-0.7125],[-2.4214,1.0919,-0.6591],[-2.3946,1.0918,-0.6056],[-2.3679,1.0918,-0.5522],[-2.3411,1.0917,-0.4988],[-2.3144,1.0917,-0.4454],[-2.2876,1.0916,-0.392],[-2.2609,1.0915,-0.3387],[-2.2341,1.0915,-0.2853],[-2.2074,1.0914,-0.232],[-2.1806,1.0913,-0.1787],[-2.1538,1.0911,-0.1254],[-2.1271,1.091,-0.0721],[-2.1003,1.0909,-0.0189],[-2.0736,1.0907,0.0343],[-2.0468,1.0906,0.0875],[-2.0201,1.0904,0.1406],[-1.9933,1.0902,0.1937],[-1.9666,1.0899,0.2467],[-1.9398,1.0897,0.2997],[-1.913,1.0894,0.3527],[-1.8863,1.0891,0.4055],[-1.8595,1.0887,0.4583],[-1.8328,1.0883,0.511],[-1.806,1.0879,0.5637],[-1.7793,1.0874,0.6162],[-1.7525,1.0868,0.6686],[-1.7258,1.0862,0.7209],[-1.699,1.0855,0.7731],[-1.6722,1.0848,0.8251],[-1.6455,1.084,0.8769],[-1.6187,1.083,0.9286],[-1.592,1.082,0.9801],[-1.5652,1.0809,1.0313],[-1.5385,1.0796,1.0823],[-1.5117,1.0782,1.1331],[-1.4849,1.0767,1.1835],[-1.4582,1.075,1.2336],[-1.4314,1.0731,1.2834],[-1.4047,1.0711,1.3328],[-1.3779,1.0688,1.3817],[-1.3512,1.0663,1.4302],[-1.3244,1.0635,1.4782],[-1.2977,1.0604,1.5256],[-1.2709,1.0571,1.5724],[-1.2441,1.0534,1.6185],[-1.2174,1.0494,1.664],[-1.1906,1.045,1.7087],[-1.1639,1.0402,1.7526],[-1.1371,1.0349,1.7956],[-1.1104,1.0292,1.8376],[-1.0836,1.023,1.8787],[-1.0569,1.0162,1.9187],[-1.0301,1.0089,1.9576],[-1.0033,1.001,1.9954],[-0.9766,0.9925,2.0319],[-0.9498,0.9834,2.0672],[-0.9231,0.9736,2.1011],[-0.8963,0.9632,2.1337],[-0.8696,0.952,2.165],[-0.8428,0.9402,2.1948],[-0.8161,0.9277,2.2232],[-0.7893,0.9144,2.2502],[-0.7625,0.9004,2.2757],[-0.7358,0.8857,2.2998],[-0.709,0.8703,2.3225],[-0.6823,0.8542,2.3438],[-0.6555,0.8374,2.3638],[-0.6288,0.82,2.3824],[-0.602,0.8019,2.3997],[-0.5753,0.7832,2.4158],[-0.5485,0.7639,2.4307],[-0.5217,0.744,2.4445],[-0.495,0.7236,2.4572],[-0.4682,0.7027,2.4689],[-0.4415,0.6813,2.4796],[-0.4147,0.6594,2.4894],[-0.388,0.6371,2.4983],[-0.3612,0.6144,2.5065],[-0.3344,0.5914,2.5139],[-0.3077,0.568,2.5206],[-0.2809,0.5443,2.5267],[-0.2542,0.5203,2.5322],[-0.2274,0.496,2.5371],[-0.2007,0.4715,2.5416],[-0.1739,0.4467,2.5455],[-0.1472,0.4217,2.5491],[-0.1204,0.3965,2.5522],[-0.0936,0.3711,2.5549],[-0.0669,0.3455,2.5573],[-0.0401,0.3198,2.5593],[-0.0134,0.2939,2.561],[0.0134,0.2678,2.5624],[0.0401,0.2417,2.5636],[0.0669,0.2153,2.5645],[0.0936,0.1889,2.5651],[0.1204,0.1623,2.5654],[0.1472,0.1356,2.5655],[0.1739,0.1087,2.5653],[0.2007,0.0817,2.5648],[0.2274,0.0546,2.5641],[0.2542,0.0274,2.5631],[0.2809,-0.0001,2.5618],[0.3077,-0.0276,2.5601],[0.3344,-0.0554,2.5582],[0.3612,-0.0833,2.5558],[0.388,-0.1114,2.5531],[0.4147,-0.1397,2.55],[0.4415,-0.1683,2.5463],[0.4682,-0.1972,2.5421],[0.495,-0.2263,2.5373],[0.5217,-0.2558,2.5319],[0.5485,-0.2857,2.5257],[0.5753,-0.3159,2.5186],[0.602,-0.3467,2.5106],[0.6288,-0.378,2.5014],[0.6555,-0.41,2.491],[0.6823,-0.4427,2.4791],[0.709,-0.4763,2.4654],[0.7358,-0.5109,2.4498],[0.7625,-0.5467,2.4317],[0.7893,-0.5839,2.4107],[0.8161,-0.6229,2.3863],[0.8428,-0.664,2.3576],[0.8696,-0.7078,2.3235],[0.8963,-0.755,2.2826],[0.9231,-0.8067,2.2328],[0.9498,-0.8644,2.1708],[0.9766,-0.931,2.0913],[1.0033,-1.011,1.9847],[1.0301,-1.1145,1.8311],[1.0569,-1.2691,1.5755],[1.0836,-1.6352,0.8968]],